longitude,latitude,housing_median_age,total_rooms,total_bedrooms,population,households,median_income,median_house_value,ocean_proximity
-117.1,34.57,6,5110,1044,1938,724,3.1917,112800,INLAND
-116.9,34.52,20,3481,840,1694,587,1.4,77700,INLAND
-116.94,34.4,20,6541,1401,2631,980,2.1339,78500,INLAND
-117.18,32.76,52,2023,301,649,285,4.7396,441700,NEAR OCEAN
-117.18,32.75,52,1539,212,535,224,5.392,408500,NEAR OCEAN
-117.18,32.75,52,1504,208,518,196,8.603,459600,NEAR OCEAN
-117.19,32.75,52,1495,230,459,190,8.1548,500001,NEAR OCEAN
-117.19,32.75,52,1388,213,513,211,6.1309,411600,NEAR OCEAN
-117.19,32.76,52,1294,175,434,180,5.7914,500001,NEAR OCEAN
-117.17,32.76,45,3149,639,1160,661,2.7266,354200,NEAR OCEAN
-117.17,32.75,38,5430,1176,2357,1100,3.654,249000,NEAR OCEAN
-117.18,32.74,39,3132,738,1200,690,2.5288,274000,NEAR OCEAN
-117.18,32.75,36,2282,534,918,531,2.7222,284700,NEAR OCEAN
-117.17,32.75,52,1052,,381,201,3.0726,289600,NEAR OCEAN
-117.16,32.75,23,2474,594,1107,536,2.9705,245500,NEAR OCEAN
-117.16,32.75,49,1566,494,643,419,1.9637,137500,NEAR OCEAN
-117.16,32.74,52,852,262,389,249,2.6042,225000,NEAR OCEAN
-117.16,32.74,21,1882,486,903,482,3.06,243800,NEAR OCEAN
-117.16,32.74,27,2335,604,982,590,3.1921,261500,NEAR OCEAN
-117.17,32.75,28,1514,384,540,352,2.1532,240000,NEAR OCEAN
-117.16,32.75,19,5430,1593,2496,1484,2.9112,199100,NEAR OCEAN
-117.16,32.75,34,1785,558,804,490,2.2687,200000,NEAR OCEAN
-117.15,32.76,43,2361,489,824,470,3.4196,302200,NEAR OCEAN
-117.15,32.76,36,2644,674,1211,654,3.0445,214800,NEAR OCEAN
-117.15,32.76,40,1809,474,826,456,2.6518,179800,NEAR OCEAN
-117.15,32.76,37,1921,502,811,472,2.75,175000,NEAR OCEAN
-117.15,32.75,40,2261,579,903,525,2.465,198700,NEAR OCEAN
-117.15,32.75,9,2818,821,851,555,2.6181,204200,NEAR OCEAN
-117.15,32.75,27,3166,867,1332,817,2.6742,171400,NEAR OCEAN
-117.15,32.74,43,2383,607,962,587,2.2578,263600,NEAR OCEAN
-117.15,32.74,26,3149,832,1320,808,3.0259,211700,NEAR OCEAN
-117.14,32.75,35,1391,329,726,317,2.6818,159400,NEAR OCEAN
-117.14,32.74,47,1494,327,689,304,3.125,172700,NEAR OCEAN
-117.14,32.74,16,6075,1816,2592,1634,2.5553,178100,NEAR OCEAN
-117.14,32.75,29,1961,565,1002,569,2.2813,118100,NEAR OCEAN
-117.14,32.75,25,1908,513,956,467,2.4828,133300,NEAR OCEAN
-117.14,32.75,37,1832,525,955,488,2.7852,129200,NEAR OCEAN
-117.14,32.75,19,1358,613,766,630,1.0353,150000,NEAR OCEAN
-117.14,32.75,20,1182,379,678,326,2.1937,162500,NEAR OCEAN
-117.14,32.75,27,1551,464,880,400,2.4167,131300,NEAR OCEAN
-117.14,32.76,28,3025,756,1328,695,2.694,164100,NEAR OCEAN
-117.14,32.76,35,2539,661,1308,629,2.6777,146400,NEAR OCEAN
-117.14,32.76,32,2587,681,1246,650,2.1727,145500,NEAR OCEAN
-117.14,32.76,35,1785,493,965,506,2.0792,160000,NEAR OCEAN
-117.13,32.77,30,2582,650,1098,603,2.8281,171700,NEAR OCEAN
-117.13,32.76,29,2568,682,1191,642,2.1094,162500,NEAR OCEAN
-117.13,32.76,41,1545,420,747,415,2.375,154400,NEAR OCEAN
-117.13,32.76,27,2280,695,1235,664,1.9392,142900,NEAR OCEAN
-117.13,32.76,33,1591,461,794,425,2.6333,140000,NEAR OCEAN
-117.13,32.76,22,2623,732,1283,718,2.1563,127100,NEAR OCEAN
-117.14,32.76,24,3523,991,1775,873,2.1273,142300,NEAR OCEAN
-117.13,32.75,24,1877,519,898,483,2.2264,112500,NEAR OCEAN
-117.13,32.75,28,2279,671,1166,623,1.95,150000,NEAR OCEAN
-117.13,32.75,23,3999,1182,2051,1130,2.1292,135000,NEAR OCEAN
-117.13,32.75,31,2336,656,1186,609,2.5872,130600,NEAR OCEAN
-117.13,32.75,50,1476,354,698,354,3,168800,NEAR OCEAN
-117.13,32.74,52,1512,321,651,321,3.6852,185300,NEAR OCEAN
-117.13,32.75,37,4142,1031,1936,968,2.693,174100,NEAR OCEAN
-117.12,32.75,37,2344,546,1134,513,2.4394,118300,NEAR OCEAN
-117.12,32.74,46,1898,441,978,439,3.2708,155200,NEAR OCEAN
-117.12,32.74,52,1969,389,877,424,3.79,163400,NEAR OCEAN
-117.13,32.75,20,2271,602,992,520,2.2599,157600,NEAR OCEAN
-117.12,32.75,15,2671,724,1800,646,2.1394,106700,NEAR OCEAN
-117.12,32.75,17,2060,633,1251,602,1.9886,119200,NEAR OCEAN
-117.12,32.75,20,1406,413,850,412,2.3261,114600,NEAR OCEAN
-117.12,32.75,25,2222,634,1025,568,1.64,130000,NEAR OCEAN
-117.12,32.76,23,2681,717,1279,648,2.1597,116100,NEAR OCEAN
-117.12,32.76,33,2279,591,1250,576,2.4297,139000,NEAR OCEAN
-117.12,32.76,43,2336,644,1203,614,2.3594,127800,NEAR OCEAN
-117.12,32.76,26,1221,331,620,296,2.4821,123600,NEAR OCEAN
-117.11,32.76,29,2030,545,1014,518,2.2409,114200,NEAR OCEAN
-117.12,32.76,28,2160,608,1339,571,1.9152,128100,NEAR OCEAN
-117.12,32.76,27,1426,364,792,353,2.0673,118800,NEAR OCEAN
-117.12,32.76,28,1605,501,936,460,2.5991,147500,NEAR OCEAN
-117.12,32.76,17,1559,462,821,428,2.0139,150000,NEAR OCEAN
-117.12,32.76,41,1469,421,803,395,2.1856,120500,NEAR OCEAN
-117.11,32.77,48,1502,272,590,265,2.5952,190300,NEAR OCEAN
-117.11,32.77,50,1729,355,617,337,3.6705,167000,NEAR OCEAN
-117.12,32.77,48,2012,422,893,394,2.7928,175000,NEAR OCEAN
-117.12,32.77,43,2167,464,977,461,3.125,192200,NEAR OCEAN
-117.11,32.77,52,1484,224,498,223,6.6053,331400,NEAR OCEAN
-117.11,32.77,52,1506,233,478,240,4.3875,300000,NEAR OCEAN
-117.1,32.77,49,4449,711,1606,709,5.7768,281600,NEAR OCEAN
-117.1,32.76,52,2606,426,883,380,4.2813,270800,NEAR OCEAN
-117.09,32.77,38,2065,374,812,343,3.125,216500,NEAR OCEAN
-117.09,32.76,44,1139,214,470,217,3.5481,203100,NEAR OCEAN
-117.09,32.76,43,3889,711,1466,663,3.5529,223000,NEAR OCEAN
-117.11,32.76,31,2293,549,1108,557,3.3854,204400,NEAR OCEAN
-117.1,32.76,30,1835,474,934,415,2.875,139600,NEAR OCEAN
-117.11,32.76,28,1457,397,672,342,1.9799,122700,NEAR OCEAN
-117.11,32.76,21,2226,600,1085,533,2.2604,126300,NEAR OCEAN
-117.11,32.76,19,2188,616,1304,607,2.0852,114400,NEAR OCEAN
-117.1,32.75,17,871,379,955,351,1.4375,96400,NEAR OCEAN
-117.1,32.75,11,2393,726,1905,711,1.3448,91300,NEAR OCEAN
-117.11,32.75,11,1607,478,1384,450,2.05,100000,NEAR OCEAN
-117.11,32.75,21,2127,658,1812,603,1.6896,100000,NEAR OCEAN
-117.11,32.75,18,1943,587,1329,522,1.7696,103100,NEAR OCEAN
-117.09,32.76,29,1650,496,882,445,2.2287,140000,NEAR OCEAN
-117.09,32.76,31,1235,387,816,397,1.5517,122500,NEAR OCEAN
-117.1,32.76,31,987,267,619,250,2.9286,151800,NEAR OCEAN
-117.1,32.75,16,2426,799,1505,754,1.6444,103400,NEAR OCEAN
-117.1,32.75,21,2063,609,1686,558,1.4828,94800,NEAR OCEAN
-117.1,32.75,20,2355,722,1848,576,2.0036,99200,NEAR OCEAN
-117.1,32.75,15,2422,774,2120,715,1.0617,92400,NEAR OCEAN
-117.1,32.75,23,1858,551,1506,492,1.7446,85200,NEAR OCEAN
-117.11,32.75,46,695,182,601,195,2.4219,90600,NEAR OCEAN
-117.11,32.75,20,1667,469,1292,445,2.0893,101100,NEAR OCEAN
-117.11,32.75,34,2131,594,1373,562,2.113,102100,NEAR OCEAN
-117.12,32.75,13,2795,773,1869,690,2.1767,101800,NEAR OCEAN
-117.1,32.74,14,2361,601,1831,526,1.6102,93400,NEAR OCEAN
-117.11,32.74,25,2846,644,2272,632,2.2,98700,NEAR OCEAN
-117.11,32.74,25,684,190,665,187,2.4524,90300,NEAR OCEAN
-117.11,32.74,33,1126,267,621,241,3.2422,123100,NEAR OCEAN
-117.11,32.73,35,1689,397,1135,366,2.3269,97300,NEAR OCEAN
-117.1,32.73,24,2927,704,2005,668,2.2375,102900,NEAR OCEAN
-117.11,32.73,34,1096,221,574,223,3.8355,126700,NEAR OCEAN
-117.11,32.73,27,3160,627,1628,612,3.8864,132600,NEAR OCEAN
-117.09,32.75,30,1899,546,1620,493,1.6034,84400,NEAR OCEAN
-117.09,32.74,23,3130,779,2472,744,2.32,93200,NEAR OCEAN
-117.1,32.74,20,3854,1046,3555,966,1.6747,100000,NEAR OCEAN
-117.1,32.74,30,1772,500,1389,447,2.3641,94100,NEAR OCEAN
-117.1,32.75,11,1976,548,1528,512,1.4886,89800,NEAR OCEAN
-117.08,32.75,20,1886,586,1134,525,1.5029,100000,NEAR OCEAN
-117.08,32.75,16,1111,328,930,303,1.2347,128100,NEAR OCEAN
-117.08,32.75,15,1821,516,1385,439,2.5101,95300,NEAR OCEAN
-117.09,32.75,24,1245,376,1230,362,1.875,95000,NEAR OCEAN
-117.09,32.75,28,1220,391,1286,396,1.2286,105000,NEAR OCEAN
-117.09,32.75,20,1701,503,1482,465,1.6789,95500,NEAR OCEAN
-117.09,32.76,10,1922,577,1595,545,1.5208,118800,NEAR OCEAN
-117.08,32.76,18,1704,596,1639,548,1.7391,125000,NEAR OCEAN
-117.07,32.76,14,2523,545,1297,525,2.3886,138100,NEAR OCEAN
-117.07,32.75,37,2690,549,1219,524,2.3148,154200,NEAR OCEAN
-117.07,32.75,14,3073,851,2000,782,2.3824,144700,NEAR OCEAN
-117.07,32.75,9,3464,749,1687,645,3.3026,119100,NEAR OCEAN
-117.06,32.75,34,1917,419,1181,426,3.0208,129200,NEAR OCEAN
-117.05,32.74,34,2178,455,1193,446,3.1719,115300,NEAR OCEAN
-117.07,32.74,37,1042,205,589,208,2.6629,116900,NEAR OCEAN
-117.07,32.75,31,2036,501,1263,442,2.5583,120700,NEAR OCEAN
-117.08,32.75,20,1989,508,1452,462,2.0077,118300,NEAR OCEAN
-117.08,32.74,26,2359,622,2067,581,1.8103,124700,NEAR OCEAN
-117.09,32.75,19,2739,707,2004,622,1.6318,117700,NEAR OCEAN
-117.09,32.74,42,1986,472,1472,475,2.1757,110100,NEAR OCEAN
-117.08,32.74,33,3260,673,1784,666,3.5078,126500,NEAR OCEAN
-117.08,32.73,36,3331,643,1903,622,3.6974,122000,NEAR OCEAN
-117.07,32.74,38,1901,392,1099,406,2.7661,113900,NEAR OCEAN
-117.08,32.74,35,1434,253,753,228,2.3812,135100,NEAR OCEAN
-117.08,32.73,36,1158,218,619,233,3.6125,122500,NEAR OCEAN
-117.08,32.73,19,2935,763,1953,720,1.4254,111300,NEAR OCEAN
-117.07,32.73,18,2968,656,1149,581,2.6452,154200,NEAR OCEAN
-117.07,32.78,22,922,240,1524,235,1.6815,218800,NEAR OCEAN
-117.09,32.77,31,3062,,1263,539,3.0875,291500,NEAR OCEAN
-117.08,32.77,31,1070,155,426,153,6.1628,219200,NEAR OCEAN
-117.07,32.77,34,2245,394,1849,429,3.5446,185500,NEAR OCEAN
-117.07,32.77,38,3779,614,1495,614,4.3529,184000,NEAR OCEAN
-117.07,32.76,42,1827,378,880,380,2.5125,176600,NEAR OCEAN
-117.08,32.77,25,3911,849,1580,767,2.7778,184100,NEAR OCEAN
-117.08,32.76,27,1221,254,606,259,3.0833,155400,NEAR OCEAN
-117.09,32.76,31,2567,624,1255,582,2.5909,159100,NEAR OCEAN
-117.08,32.76,20,2547,785,1199,643,1.7743,140300,NEAR OCEAN
-117.04,32.77,21,1824,447,962,431,2.7826,143800,<1H OCEAN
-117.05,32.77,23,2556,662,1200,548,1.8899,147700,NEAR OCEAN
-117.06,32.77,18,2269,682,1329,581,1.7951,161800,NEAR OCEAN
-117.06,32.77,34,1730,373,730,350,2.0284,161800,NEAR OCEAN
-117.07,32.77,38,1130,228,699,241,2.65,167600,NEAR OCEAN
-117.06,32.77,32,3888,827,3868,841,3.0755,166800,NEAR OCEAN
-117.05,32.77,33,3535,683,1568,672,2.8097,158300,NEAR OCEAN
-117.06,32.76,36,2785,577,1275,527,2.3015,156800,NEAR OCEAN
-117.06,32.76,38,1549,288,636,278,3.2188,150500,NEAR OCEAN
-117.05,32.76,46,1887,359,795,358,3.25,159600,NEAR OCEAN
-117.06,32.76,37,2356,476,1231,499,2.965,155700,NEAR OCEAN
-117.06,32.76,24,1629,587,1012,488,1.7452,156800,NEAR OCEAN
-117.05,32.75,36,2024,,1030,390,3.8233,139800,NEAR OCEAN
-117.06,32.75,34,2516,611,1317,594,2.2308,125900,NEAR OCEAN
-117.05,32.75,35,2144,388,1003,383,3.0938,137300,NEAR OCEAN
-117.07,32.72,18,1758,286,987,277,4.6875,141800,NEAR OCEAN
-117.08,32.72,32,2286,468,1741,467,3.0446,101900,NEAR OCEAN
-117.07,32.71,36,2448,475,1268,450,2.5682,109100,NEAR OCEAN
-117.06,32.73,33,3444,619,1884,582,3.7891,126700,NEAR OCEAN
-117.06,32.72,31,2669,514,1626,499,3.1923,116900,NEAR OCEAN
-117.05,32.72,35,1777,369,1158,353,3.4107,117000,NEAR OCEAN
-117.06,32.71,25,2681,596,1947,553,2.8964,104300,NEAR OCEAN
-117.07,32.71,39,2754,652,2263,619,2.2454,89600,NEAR OCEAN
-117.08,32.7,35,1477,264,852,279,3.1786,100600,NEAR OCEAN
-117.08,32.7,37,2176,418,1301,375,2.875,98900,NEAR OCEAN
-117.08,32.7,36,2103,390,1279,392,2.4135,97000,NEAR OCEAN
-117.06,32.71,21,1864,388,1498,389,3.8194,125700,NEAR OCEAN
-117.06,32.71,11,2397,523,1566,514,3.8687,145200,NEAR OCEAN
-117.08,32.71,27,2204,598,1656,521,1.4821,86200,NEAR OCEAN
-117.07,32.71,26,4151,823,2822,697,2.8372,123400,NEAR OCEAN
-117.07,32.7,14,2763,456,1914,465,4.1645,143000,NEAR OCEAN
-117.07,32.69,20,2192,406,1766,393,4.0921,135000,NEAR OCEAN
-117.06,32.7,12,3943,737,3280,751,4.112,141400,NEAR OCEAN
-117.04,32.71,28,5274,991,3727,961,3.57,109800,NEAR OCEAN
-117.05,32.71,25,3292,608,2266,592,3.2986,119200,NEAR OCEAN
-117.03,32.71,33,3126,627,2300,623,3.2596,103000,NEAR OCEAN
-117.03,32.71,34,2328,444,1684,429,3.25,99600,NEAR OCEAN
-117.02,32.71,20,4050,745,2870,761,3.7366,121800,NEAR OCEAN
-117.02,32.7,22,2756,516,1849,486,4.1837,125400,NEAR OCEAN
-117.02,32.7,18,1643,283,1134,269,5.1769,133000,NEAR OCEAN
-117.02,32.71,30,3187,592,2082,631,3.5388,118500,NEAR OCEAN
-117.01,32.7,25,2321,398,1434,386,3.5341,120800,NEAR OCEAN
-117.05,32.69,8,831,158,740,154,5.3908,165500,NEAR OCEAN
-117.06,32.69,9,1520,269,1250,265,4.8875,157700,NEAR OCEAN
-117.06,32.69,13,705,149,718,155,4.4375,154900,NEAR OCEAN
-117.06,32.69,9,521,111,491,110,5.1305,158900,NEAR OCEAN
-117.03,32.7,19,2304,572,2010,556,2.2866,109900,NEAR OCEAN
-117.04,32.69,27,1790,356,1286,347,3.5437,115800,NEAR OCEAN
-117.04,32.7,7,9311,1703,7302,1694,4.419,156900,NEAR OCEAN
-117.07,32.68,18,1475,267,1149,268,5.0827,142200,NEAR OCEAN
-117.06,32.68,38,1481,317,1080,291,2.85,125800,NEAR OCEAN
-117.06,32.68,36,3815,796,2945,728,2.0959,125000,NEAR OCEAN
-117.05,32.69,21,991,210,695,203,3.625,144300,NEAR OCEAN
-117.06,32.68,41,2665,515,1664,512,2.375,113500,NEAR OCEAN
-117.06,32.67,29,4047,754,2353,730,4.0505,125000,NEAR OCEAN
-117.05,32.68,35,3414,580,1761,522,3.9922,129800,NEAR OCEAN
-117.05,32.67,32,4227,785,2842,795,3.9646,137800,NEAR OCEAN
-117.05,32.68,19,1469,275,1010,292,3.5664,150400,NEAR OCEAN
-117.05,32.67,16,2168,343,1589,338,5.4863,153800,NEAR OCEAN
-117.06,32.66,33,3425,511,1528,479,5.6889,234600,NEAR OCEAN
-117.06,32.66,24,2587,491,1617,458,3.5066,133400,NEAR OCEAN
-117.04,32.66,22,3362,630,1471,612,4.1442,303900,NEAR OCEAN
-117.03,32.67,15,5094,818,2118,758,5.3505,266600,NEAR OCEAN
-117.02,32.68,14,3986,675,2065,702,5.7192,267400,NEAR OCEAN
-117.05,32.69,14,1689,555,1319,527,3.16,143800,NEAR OCEAN
-117.05,32.68,15,1828,359,955,248,3.2174,165100,NEAR OCEAN
-117.04,32.68,13,2132,425,1345,432,4,89300,NEAR OCEAN
-117.04,32.68,14,1320,270,943,260,5.0947,152700,NEAR OCEAN
-117.04,32.67,14,3464,683,2139,734,4.0668,137500,NEAR OCEAN
-117.04,32.69,9,3417,860,2521,828,3.02,158900,NEAR OCEAN
-117.04,32.68,9,3087,609,1530,556,3.775,125000,NEAR OCEAN
-117.04,32.68,11,1875,357,1014,386,4.375,115000,NEAR OCEAN
-117.01,32.7,7,2327,490,1304,445,3.3553,132200,NEAR OCEAN
-117.02,32.69,7,6055,1004,3031,952,4.436,135000,NEAR OCEAN
-117.03,32.69,5,3201,532,2061,536,5.0829,179400,NEAR OCEAN
-117.03,32.69,10,901,163,698,167,4.6648,156100,NEAR OCEAN
-117.03,32.69,8,2460,397,1784,390,4.5662,175500,NEAR OCEAN
-117.09,32.71,12,3375,945,2357,808,1.5,106300,NEAR OCEAN
-117.09,32.7,15,869,217,887,216,1.4583,84200,NEAR OCEAN
-117.09,32.7,22,2409,582,1887,578,1.4089,94200,NEAR OCEAN
-117.09,32.69,18,1645,430,1221,410,1.3269,108000,NEAR OCEAN
-117.09,32.69,20,1102,205,852,217,3.1833,108300,NEAR OCEAN
-117.1,32.69,11,3071,911,2812,774,1.2413,83100,NEAR OCEAN
-117.1,32.7,28,633,137,525,170,3.6042,95600,NEAR OCEAN
-117.1,32.7,42,2002,488,1505,464,1.5057,86300,NEAR OCEAN
-117.1,32.71,9,1931,472,1628,445,2.085,92600,NEAR OCEAN
-117.09,32.73,26,3114,686,1948,660,2.8942,124100,NEAR OCEAN
-117.1,32.72,5,1615,387,1094,394,2.2024,137200,NEAR OCEAN
-117.09,32.72,39,1273,246,770,242,2.0938,102500,NEAR OCEAN
-117.09,32.72,33,1096,240,716,224,1.6944,111800,NEAR OCEAN
-117.09,32.73,28,3109,594,1559,589,3.5789,120300,NEAR OCEAN
-117.09,32.71,29,2238,523,2061,504,2.5559,96800,NEAR OCEAN
-117.1,32.71,29,3422,713,2775,644,1.7075,86900,NEAR OCEAN
-117.1,32.71,25,939,247,1003,240,1.75,87900,NEAR OCEAN
-117.11,32.72,25,1491,348,1183,316,1.9583,88600,NEAR OCEAN
-117.11,32.71,30,1729,457,1673,460,1.7,85900,NEAR OCEAN
-117.11,32.7,34,2028,522,1797,464,1.7402,79400,NEAR OCEAN
-117.11,32.7,37,2045,502,1920,472,1.8125,83300,NEAR OCEAN
-117.11,32.7,33,1980,488,1626,428,1.4856,86400,NEAR OCEAN
-117.12,32.7,14,819,237,827,237,1.3194,90500,NEAR OCEAN
-117.12,32.7,36,1011,253,763,226,1.8187,84100,NEAR OCEAN
-117.11,32.71,29,1040,291,1054,297,1.1818,83200,NEAR OCEAN
-117.1,32.69,37,1269,340,1369,302,2.2102,87200,NEAR OCEAN
-117.1,32.69,35,1292,272,1183,272,2.0547,98000,NEAR OCEAN
-117.11,32.69,36,1421,367,1418,355,1.9425,93400,NEAR OCEAN
-117.11,32.69,34,1144,295,1271,302,2.09,91800,NEAR OCEAN
-117.11,32.69,37,2395,627,2489,599,1.5933,86300,NEAR OCEAN
-117.11,32.69,39,395,159,620,162,2.725,86500,NEAR OCEAN
-117.12,32.69,46,200,77,180,65,1.0658,93800,NEAR OCEAN
-117.12,32.69,37,1082,294,1146,265,2.0673,88500,NEAR OCEAN
-117.12,32.7,38,818,217,953,231,1.0531,65700,NEAR OCEAN
-117.12,32.7,37,1361,348,1398,328,1.1681,78100,NEAR OCEAN
-117.13,32.69,36,1469,400,1271,340,1.043,90100,NEAR OCEAN
-117.13,32.7,48,786,230,917,231,1.875,75600,NEAR OCEAN
-117.13,32.7,42,1210,292,945,258,0.8991,78900,NEAR OCEAN
-117.13,32.7,38,1445,392,1286,357,1.4632,80200,NEAR OCEAN
-117.13,32.7,35,1179,344,1372,330,1.9509,70200,NEAR OCEAN
-117.12,32.71,33,1256,331,1315,321,1.9286,78500,NEAR OCEAN
-117.13,32.71,38,993,246,760,205,1.1563,82700,NEAR OCEAN
-117.13,32.71,42,1145,314,1114,307,1.2614,87500,NEAR OCEAN
-117.13,32.71,44,1697,413,1396,363,1.5474,83300,NEAR OCEAN
-117.13,32.72,32,2197,623,1784,599,1.901,120300,NEAR OCEAN
-117.12,32.71,24,421,101,396,113,0.6433,111300,NEAR OCEAN
-117.13,32.72,9,2436,720,1780,653,1.8299,137500,NEAR OCEAN
-117.13,32.72,19,1341,435,1048,360,1.975,117900,NEAR OCEAN
-117.12,32.72,36,6096,1285,3093,1229,3.37,159100,NEAR OCEAN
-117.12,32.73,50,2307,424,887,356,3.5156,168800,NEAR OCEAN
-117.12,32.73,52,3976,718,1750,769,3.4151,175400,NEAR OCEAN
-117.13,32.74,46,3355,768,1457,708,2.6604,170100,NEAR OCEAN
-117.13,32.73,52,1148,214,481,215,5.454,240900,NEAR OCEAN
-117.13,32.73,52,2676,557,1181,537,3.6058,213100,NEAR OCEAN
-117.13,32.74,50,1527,338,728,322,2.625,203200,NEAR OCEAN
-117.13,32.73,43,2706,667,1531,614,2.1513,145000,NEAR OCEAN
-117.13,32.72,43,2160,504,1221,452,2.4821,140600,NEAR OCEAN
-117.13,32.72,52,1560,307,757,315,2.7083,199100,NEAR OCEAN
-117.13,32.73,52,1911,415,777,412,2.2429,221100,NEAR OCEAN
-117.14,32.72,42,1558,458,1227,407,2.2804,139100,NEAR OCEAN
-117.13,32.72,17,1285,423,1208,409,1.758,126600,NEAR OCEAN
-117.14,32.71,34,1694,455,1467,425,2.1164,139400,NEAR OCEAN
-117.14,32.71,32,719,251,894,208,1.8456,103100,NEAR OCEAN
-117.14,32.72,43,1073,344,660,279,2.0529,168800,NEAR OCEAN
-117.14,32.72,45,1140,310,840,339,1.6156,156300,NEAR OCEAN
-117.14,32.72,34,2533,862,2011,778,2.1199,160400,NEAR OCEAN
-117.14,32.71,52,1225,332,955,321,1.6011,106300,NEAR OCEAN
-117.14,32.71,52,979,314,975,297,1.2375,100000,NEAR OCEAN
-117.14,32.71,52,800,313,1337,282,1.5594,87500,NEAR OCEAN
-117.14,32.71,52,500,,480,108,1.8696,91100,NEAR OCEAN
-117.13,32.71,37,1220,325,1472,323,1.825,81500,NEAR OCEAN
-117.13,32.71,35,614,180,691,164,1.6953,81300,NEAR OCEAN
-117.14,32.71,43,966,255,857,208,1.2841,72000,NEAR OCEAN
-117.14,32.71,39,1647,478,2176,479,1.7642,82900,NEAR OCEAN
-117.14,32.7,32,1280,353,1335,330,1.6023,77300,NEAR OCEAN
-117.13,32.7,35,365,98,463,112,2.5588,78800,NEAR OCEAN
-117.14,32.7,43,1126,289,1132,294,2.1875,87000,NEAR OCEAN
-117.14,32.7,40,1227,330,1199,316,1.2188,92500,NEAR OCEAN
-117.14,32.7,36,633,148,557,139,1.5729,82700,NEAR OCEAN
-117.14,32.7,48,510,180,545,132,1.8008,86500,NEAR OCEAN
-117.14,32.7,44,658,218,869,212,1.9338,89400,NEAR OCEAN
-117.14,32.7,47,552,161,593,174,0.9589,90000,NEAR OCEAN
-117.15,32.7,50,475,172,483,120,1.3657,162500,NEAR OCEAN
-117.15,32.71,52,402,183,557,172,1.3125,87500,NEAR OCEAN
-117.15,32.7,52,458,148,1283,166,1.2863,86300,NEAR OCEAN
-117.15,32.71,52,217,82,531,93,1.6607,137500,NEAR OCEAN
-117.15,32.72,52,344,177,460,147,1.2292,137500,NEAR OCEAN
-117.16,32.72,52,788,463,805,391,0.9142,162500,NEAR OCEAN
-117.16,32.71,52,845,451,1230,375,1.0918,22500,NEAR OCEAN
-117.16,32.71,5,2508,827,2066,761,1.3092,325000,NEAR OCEAN
-117.17,32.71,7,2493,693,951,641,4.2375,205000,NEAR OCEAN
-117.17,32.71,39,311,181,206,113,0.7685,187500,NEAR OCEAN
-117.14,32.73,26,450,132,317,109,4,137500,NEAR OCEAN
-117.15,32.72,51,1321,,781,499,1.3071,250000,NEAR OCEAN
-117.16,32.72,24,1232,663,1184,626,1.0391,162500,NEAR OCEAN
-117.16,32.73,52,1218,471,821,429,1.9597,200000,NEAR OCEAN
-117.16,32.72,27,1245,471,653,451,1.2668,225000,NEAR OCEAN
-117.17,32.73,52,408,143,313,143,1.815,116700,NEAR OCEAN
-117.17,32.72,44,626,256,572,229,1.5909,262500,NEAR OCEAN
-117.16,32.73,52,1682,617,873,534,2.0972,112500,NEAR OCEAN
-117.16,32.73,52,1863,559,906,493,1.9203,195800,NEAR OCEAN
-117.17,32.73,52,1578,487,879,446,2.4069,215000,NEAR OCEAN
-117.16,32.74,49,1815,495,601,410,3.0571,418800,NEAR OCEAN
-117.16,32.74,43,1437,406,692,379,3.1979,466700,NEAR OCEAN
-117.17,32.74,39,3803,806,1567,775,3.7039,361500,NEAR OCEAN
-117.17,32.74,38,5054,1168,2366,1103,2.9422,289400,NEAR OCEAN
-117.17,32.73,52,55,18,65,22,1.6591,112500,NEAR OCEAN
-117.2,32.76,40,581,157,298,156,2.4,255000,NEAR OCEAN
-117.19,32.75,33,1115,316,583,269,2.5882,258300,NEAR OCEAN
-117.18,32.74,20,1165,269,459,244,3.175,191700,NEAR OCEAN
-117.19,32.75,52,25,5,13,5,0.536,162500,NEAR OCEAN
-117.21,32.75,15,1716,702,914,672,1.0612,300000,NEAR OCEAN
-117.21,32.74,45,3025,583,1980,550,2.2982,87500,NEAR OCEAN
-117.21,32.75,27,2072,534,1118,510,2.8043,262100,NEAR OCEAN
-117.22,32.75,24,3914,985,2147,874,2.9735,225000,NEAR OCEAN
-117.22,32.75,26,696,185,384,184,2.6121,125000,NEAR OCEAN
-117.23,32.75,23,2415,653,1275,596,3.1389,101800,NEAR OCEAN
-117.22,32.75,26,617,112,251,110,3.8036,162000,NEAR OCEAN
-117.23,32.75,11,4304,1245,1960,1105,3.3456,159800,NEAR OCEAN
-117.21,32.74,52,1245,174,468,193,6.9322,334500,NEAR OCEAN
-117.22,32.74,52,1283,173,436,190,7.4029,345700,NEAR OCEAN
-117.22,32.74,52,1260,202,555,209,7.2758,345200,NEAR OCEAN
-117.22,32.74,41,2621,542,1074,471,2.4016,287500,NEAR OCEAN
-117.22,32.75,34,6001,1111,2654,1072,4.5878,291000,NEAR OCEAN
-117.22,32.73,38,3966,768,1640,729,3.8409,291400,NEAR OCEAN
-117.23,32.73,35,2914,683,1562,638,2.5259,240200,NEAR OCEAN
-117.23,32.73,44,1168,263,509,256,2.7273,269700,NEAR OCEAN
-117.23,32.72,43,952,209,392,210,2.1635,244200,NEAR OCEAN
-117.23,32.74,44,1404,229,513,217,4.1806,263800,NEAR OCEAN
-117.24,32.74,43,2216,375,918,388,5.5289,297700,NEAR OCEAN
-117.24,32.73,37,2260,354,809,351,5.9113,388300,NEAR OCEAN
-117.23,32.73,36,2052,287,699,265,7.5557,441400,NEAR OCEAN
-117.23,32.72,38,2827,581,972,558,3.2361,500001,NEAR OCEAN
-117.24,32.71,32,4164,701,1277,607,6.6661,500001,NEAR OCEAN
-117.24,32.72,39,3089,431,1175,432,7.5925,466700,NEAR OCEAN
-117.24,32.72,39,3819,594,1361,583,6.6013,396400,NEAR OCEAN
-117.25,32.73,38,1840,291,633,283,4.9125,383600,NEAR OCEAN
-117.25,32.72,36,2632,450,2038,419,6.5319,345800,NEAR OCEAN
-117.25,32.72,33,1677,228,629,239,6.597,496400,NEAR OCEAN
-117.25,32.73,37,2224,331,821,341,6.3331,400000,NEAR OCEAN
-117.28,32.73,44,1934,325,783,316,4.8684,358600,NEAR OCEAN
-117.28,32.74,33,4168,1112,1785,984,2.7515,247700,NEAR OCEAN
-117.25,32.74,36,3548,956,1648,866,2.6962,288200,NEAR OCEAN
-117.25,32.74,36,1830,430,755,419,2.9904,286800,NEAR OCEAN
-117.25,32.74,40,2186,549,953,515,2.8007,257100,NEAR OCEAN
-117.24,32.74,44,1686,285,712,298,4.0268,298600,NEAR OCEAN
-117.24,32.74,44,1488,259,667,281,4.0862,321800,NEAR OCEAN
-117.25,32.73,39,1688,256,635,272,4.5938,367400,NEAR OCEAN
-117.23,32.75,5,1824,,892,426,3.4286,137500,NEAR OCEAN
-117.23,32.75,21,2050,608,1131,550,2.4779,165000,NEAR OCEAN
-117.23,32.74,16,735,139,299,134,4.6354,179200,NEAR OCEAN
-117.23,32.74,16,1953,404,798,385,4.8167,169800,NEAR OCEAN
-117.23,32.74,35,2615,525,1312,547,4.1339,238200,NEAR OCEAN
-117.24,32.74,45,1718,293,757,329,4.05,284900,NEAR OCEAN
-117.24,32.75,36,2831,669,1279,660,2.9896,252700,NEAR OCEAN
-117.24,32.75,36,1856,475,822,416,2.3042,220600,NEAR OCEAN
-117.24,32.75,41,1989,514,1015,489,2.79,226000,NEAR OCEAN
-117.25,32.74,36,1240,310,577,319,2.6625,248200,NEAR OCEAN
-117.25,32.75,32,3551,1037,1731,935,2.2017,208300,NEAR OCEAN
-117.25,32.75,36,1929,526,974,491,1.7622,205800,NEAR OCEAN
-117.24,32.75,33,1980,614,1057,567,2.2042,231300,NEAR OCEAN
-117.25,32.75,37,1189,377,645,377,2.4672,216700,NEAR OCEAN
-117.28,32.75,34,981,313,508,304,2.2328,266700,NEAR OCEAN
-117.25,32.79,37,1467,442,651,354,2.375,340400,NEAR OCEAN
-117.25,32.79,43,906,240,458,205,1.8365,328600,NEAR OCEAN
-117.25,32.78,36,1527,427,710,312,2.7857,291700,NEAR OCEAN
-117.25,32.78,21,1479,484,658,384,2.45,350000,NEAR OCEAN
-117.28,32.77,38,1267,340,442,250,4.3403,500000,NEAR OCEAN
-117.25,32.77,32,2021,524,973,485,3.18,362500,NEAR OCEAN
-117.25,32.77,35,2494,690,1126,624,4.0313,385300,NEAR OCEAN
-117.25,32.76,38,2331,493,836,433,4.9125,452600,NEAR OCEAN
-117.22,32.78,22,2020,466,1010,429,3.4527,175000,NEAR OCEAN
-117.23,32.79,23,2578,665,989,622,3.5484,238000,NEAR OCEAN
-117.23,32.79,28,2453,648,1082,617,3.625,266700,NEAR OCEAN
-117.23,32.78,35,1649,355,746,360,4.6293,356500,NEAR OCEAN
-117.24,32.78,44,2172,431,892,420,4.1742,342200,NEAR OCEAN
-117.24,32.79,17,1149,266,403,228,4.1652,241700,NEAR OCEAN
-117.24,32.79,18,2539,616,964,526,3.4306,275000,NEAR OCEAN
-117.24,32.79,20,961,278,525,254,3.1838,245800,NEAR OCEAN
-117.24,32.79,25,2135,691,566,320,2.6902,212500,NEAR OCEAN
-117.24,32.79,18,1741,602,508,283,3.2625,193800,NEAR OCEAN
-117.21,32.8,19,786,282,525,229,1.7273,137500,NEAR OCEAN
-117.22,32.8,23,1906,525,1029,491,2.93,183300,NEAR OCEAN
-117.23,32.8,22,2981,873,1751,745,2.3482,190600,NEAR OCEAN
-117.23,32.8,27,1297,355,776,337,2.4643,244400,NEAR OCEAN
-117.23,32.81,28,1508,263,996,267,3.8026,270000,NEAR OCEAN
-117.22,32.81,21,1703,335,902,369,3.7813,362500,NEAR OCEAN
-117.25,32.8,37,1096,260,490,267,3.2663,270600,NEAR OCEAN
-117.25,32.8,32,1601,468,731,429,2.5568,258300,NEAR OCEAN
-117.25,32.8,30,2061,631,1007,577,2.5813,253100,NEAR OCEAN
-117.25,32.8,31,2182,630,1069,599,2.9781,212500,NEAR OCEAN
-117.25,32.79,27,848,300,455,298,3.0774,275000,NEAR OCEAN
-117.25,32.79,25,1627,375,735,378,3.6429,317100,NEAR OCEAN
-117.28,32.8,20,1838,540,615,325,3.5486,193800,NEAR OCEAN
-117.23,32.8,21,2429,579,1011,538,3.225,229400,NEAR OCEAN
-117.23,32.8,31,1403,388,724,371,2.6403,216100,NEAR OCEAN
-117.23,32.8,28,3379,918,1849,849,3.0293,241700,NEAR OCEAN
-117.24,32.8,26,3433,873,1492,798,2.9258,234800,NEAR OCEAN
-117.24,32.8,28,1072,331,692,321,2.1357,187500,NEAR OCEAN
-117.24,32.8,18,2205,661,874,580,3.8018,112500,NEAR OCEAN
-117.24,32.8,19,1863,497,868,503,2.288,210000,NEAR OCEAN
-117.24,32.8,30,1917,462,828,437,2.4671,276300,NEAR OCEAN
-117.24,32.8,29,3376,882,1513,843,3.101,238200,NEAR OCEAN
-117.25,32.81,32,2402,551,1020,532,3.3942,307400,NEAR OCEAN
-117.25,32.8,35,2281,506,1005,496,4.2296,275000,NEAR OCEAN
-117.25,32.8,26,2442,659,1134,624,3.3274,295500,NEAR OCEAN
-117.26,32.81,25,2076,586,1060,554,2.8421,227800,NEAR OCEAN
-117.26,32.81,30,1328,346,577,328,2.3284,290600,NEAR OCEAN
-117.26,32.81,37,1616,421,650,395,2.92,326500,NEAR OCEAN
-117.29,32.81,35,1878,308,598,257,6.9553,500001,NEAR OCEAN
-117.26,32.8,30,1446,385,650,344,3.744,450000,NEAR OCEAN
-117.24,32.81,33,1588,289,683,301,5.4103,332400,NEAR OCEAN
-117.24,32.81,34,2420,391,917,392,6.5881,394400,NEAR OCEAN
-117.25,32.81,39,1846,350,765,329,3.9187,311900,NEAR OCEAN
-117.27,32.84,34,1655,450,870,411,3.2109,376000,NEAR OCEAN
-117.28,32.84,41,1420,338,640,314,2.9306,360300,NEAR OCEAN
-117.27,32.83,39,1877,426,805,409,3.875,410000,NEAR OCEAN
-117.28,32.83,34,2392,653,933,619,3.7306,500000,NEAR OCEAN
-117.31,32.83,38,2367,480,891,428,4.1477,500001,NEAR OCEAN
-117.27,32.82,35,2908,595,1068,529,4.1793,500001,NEAR OCEAN
-117.27,32.82,42,2820,488,1175,500,4.5083,405200,NEAR OCEAN
-117.31,32.82,42,2785,389,833,333,11.3074,500001,NEAR OCEAN
-117.27,32.85,34,2105,444,780,406,2.3187,488900,NEAR OCEAN
-117.28,32.84,21,2455,660,1015,597,3.7596,381300,NEAR OCEAN
-117.27,32.85,26,1373,,608,268,4.425,475000,NEAR OCEAN
-117.3,32.85,28,2334,694,770,552,3.1324,500001,NEAR OCEAN
-117.23,32.81,24,3271,508,1496,482,5.9359,422200,NEAR OCEAN
-117.23,32.81,22,3205,429,1083,410,8.1844,406300,NEAR OCEAN
-117.24,32.82,20,2467,332,731,335,7.2559,392300,NEAR OCEAN
-117.25,32.84,19,1759,214,659,195,10.7751,500001,NEAR OCEAN
-117.26,32.85,30,3652,499,978,462,8.2374,500001,NEAR OCEAN
-117.25,32.83,17,2075,262,704,241,10.9529,500001,NEAR OCEAN
-117.27,32.84,26,3940,657,1180,600,6.1025,500001,NEAR OCEAN
-117.23,32.88,18,5566,1465,6303,1458,1.858,205000,NEAR OCEAN
-117.22,32.85,26,1647,261,694,259,4.6875,274400,NEAR OCEAN
-117.22,32.84,19,2691,347,1154,366,8.051,363600,NEAR OCEAN
-117.23,32.85,25,4229,601,1634,574,6.3955,316700,NEAR OCEAN
-117.21,32.86,24,3596,494,1573,492,6.5382,326000,NEAR OCEAN
-117.21,32.86,26,1352,202,654,217,5.3693,260700,NEAR OCEAN
-117.21,32.85,15,2593,521,901,456,4.2065,277800,NEAR OCEAN
-117.21,32.85,26,2012,315,872,335,5.4067,277500,NEAR OCEAN
-117.24,32.83,18,3109,501,949,368,7.4351,445700,NEAR OCEAN
-117.25,32.82,19,5255,762,1773,725,7.8013,474000,NEAR OCEAN
-117.25,32.82,23,6139,826,2036,807,9.5245,500001,NEAR OCEAN
-117.26,32.83,24,1663,199,578,187,10.7721,500001,NEAR OCEAN
-117.26,32.82,34,5846,785,1817,747,8.496,500001,NEAR OCEAN
-117.27,32.83,35,1420,193,469,177,8.0639,500001,NEAR OCEAN
-117.29,32.92,25,2355,381,823,358,6.8322,500001,NEAR OCEAN
-117.25,32.86,30,1670,219,606,202,12.4429,500001,NEAR OCEAN
-117.25,32.86,25,2911,533,1137,499,5.1023,500001,NEAR OCEAN
-117.25,32.86,27,2530,469,594,326,7.2821,500001,NEAR OCEAN
-117.26,32.85,42,1761,329,480,255,5.3787,500001,NEAR OCEAN
-117.24,32.85,18,3117,475,904,368,6.7587,388500,NEAR OCEAN
-117.24,32.85,22,3479,448,1252,440,10.0707,500001,NEAR OCEAN
-117.19,32.86,18,4231,728,2030,720,6.1805,272400,NEAR OCEAN
-117.19,32.86,19,3716,563,1788,587,5.2113,267400,NEAR OCEAN
-117.2,32.85,22,3501,631,1297,581,4.7891,295300,NEAR OCEAN
-117.2,32.85,26,2298,549,980,555,2.4207,213500,NEAR OCEAN
-117.19,32.85,15,2895,498,1164,443,5.102,417500,NEAR OCEAN
-117.23,32.87,15,2290,662,1034,594,3.0104,204200,NEAR OCEAN
-117.23,32.86,16,1675,354,604,332,5.2326,188300,NEAR OCEAN
-117.23,32.86,15,1199,301,510,296,3.6083,180100,NEAR OCEAN
-117.23,32.86,15,1703,320,587,282,5.0855,209800,NEAR OCEAN
-117.23,32.86,16,1200,468,648,443,3.045,100000,NEAR OCEAN
-117.23,32.87,11,3123,740,1223,634,5.417,196800,NEAR OCEAN
-117.21,32.86,16,2800,566,1267,518,3.2794,148600,NEAR OCEAN
-117.22,32.87,14,3512,807,1835,792,3.35,171000,NEAR OCEAN
-117.22,32.86,4,16289,4585,7604,4176,3.6287,280800,NEAR OCEAN
-117.22,32.87,5,3511,1008,1599,918,3.8542,176600,NEAR OCEAN
-117.21,32.89,14,3114,773,1592,776,3.3176,156100,NEAR OCEAN
-117.2,32.86,4,4308,1095,1923,932,3.9356,267000,NEAR OCEAN
-117.21,32.87,12,1428,303,528,269,4.1429,254400,NEAR OCEAN
-117.15,32.91,15,1613,303,702,240,4.875,169300,<1H OCEAN
-117.15,32.91,14,1259,238,889,247,4.9464,174800,<1H OCEAN
-117.16,32.91,5,1619,272,1063,296,6.0891,214600,<1H OCEAN
-117.15,32.91,10,2349,431,1598,435,4.8229,183200,<1H OCEAN
-117.15,32.9,12,1681,381,1050,362,4.2008,176100,<1H OCEAN
-117.16,32.89,5,8576,1952,5006,1827,4.3598,189100,<1H OCEAN
-117.12,32.91,8,3405,961,1742,918,2.8728,114600,<1H OCEAN
-117.13,32.91,15,1450,266,747,290,3.6111,196300,<1H OCEAN
-117.13,32.91,16,3230,579,1825,576,4.2969,151200,<1H OCEAN
-117.13,32.91,16,2715,581,1619,584,4,154700,<1H OCEAN
-117.14,32.91,14,3014,710,2165,705,3.7837,160300,<1H OCEAN
-117.14,32.9,16,3217,,2054,687,4.2234,162100,<1H OCEAN
-117.13,32.9,15,2785,644,1798,630,3.7156,175200,<1H OCEAN
-117.12,32.9,14,3249,937,1929,838,2.8588,92500,<1H OCEAN
-117.12,32.9,13,1743,363,854,353,4.6667,138200,<1H OCEAN
-117.13,32.92,16,2173,399,1460,393,4.2614,169600,<1H OCEAN
-117.13,32.92,17,1481,315,1002,300,3.6196,163400,<1H OCEAN
-117.14,32.92,7,1308,418,766,390,3.2151,106300,<1H OCEAN
-117.14,32.92,6,3069,750,1541,736,3.814,132500,<1H OCEAN
-117.14,32.92,15,3242,595,1936,593,4.9706,184700,<1H OCEAN
-117.13,32.92,16,1580,241,917,261,4.7266,191100,<1H OCEAN
-117.13,32.92,16,1565,257,893,239,5.5036,192300,<1H OCEAN
-117.13,32.94,15,4846,825,2797,823,4.9375,180400,<1H OCEAN
-117.13,32.93,16,2918,444,1697,444,5.3062,195500,<1H OCEAN
-117.14,32.93,14,1946,463,1205,390,4.2109,171200,<1H OCEAN
-117.14,32.93,12,1474,364,1009,372,4.0521,166700,<1H OCEAN
-117.14,32.93,16,2412,419,1612,422,4.5086,171100,<1H OCEAN
-117.12,32.93,7,1427,243,927,239,5.3625,218900,<1H OCEAN
-117.15,32.93,16,2718,438,1515,431,5.1433,185300,<1H OCEAN
-117.14,32.92,15,1558,314,949,332,5.2864,174400,<1H OCEAN
-117.15,32.92,16,1972,402,1377,413,4.4615,168300,<1H OCEAN
-117.15,32.92,16,2366,392,1482,407,4.9024,182900,<1H OCEAN
-117.15,32.92,16,2969,514,1594,465,4.5221,168300,<1H OCEAN
-117.18,32.92,4,15025,2616,7560,2392,5.196,210700,<1H OCEAN
-117.25,32.96,18,4773,743,1970,716,6.6199,406200,NEAR OCEAN
-117.26,32.95,15,1036,149,395,157,5.8343,500001,NEAR OCEAN
-117.26,32.95,15,1882,233,704,219,6.9794,500001,NEAR OCEAN
-117.25,32.94,16,4755,807,1829,756,6.7694,425900,NEAR OCEAN
-117.25,32.94,15,1804,339,673,296,5.9806,370500,NEAR OCEAN
-117.24,32.95,18,1591,268,547,243,5.9547,329300,NEAR OCEAN
-117.24,32.94,12,2165,437,792,386,5.2648,294400,NEAR OCEAN
-117.13,32.98,5,2276,311,1158,317,6.4321,271900,<1H OCEAN
-117.13,32.97,10,3486,469,1700,483,6.4696,249500,<1H OCEAN
-117.18,32.95,4,19001,2688,8980,2441,6.3237,260900,<1H OCEAN
-117.14,32.96,12,5949,799,2936,781,6.3721,241500,<1H OCEAN
-117.13,32.96,15,2267,292,1180,289,6.712,240200,<1H OCEAN
-117.24,32.98,4,6423,1042,2607,983,7.6348,337000,NEAR OCEAN
-117.21,32.96,3,6251,988,2330,893,8.4355,467600,NEAR OCEAN
-117.22,32.95,4,18123,3173,7301,2964,6.357,322500,NEAR OCEAN
-117.22,32.83,34,2936,597,1512,571,3.7841,176900,NEAR OCEAN
-117.22,32.83,31,3958,727,1924,728,5.4605,190200,NEAR OCEAN
-117.22,32.83,17,1124,187,553,205,5.7451,237300,NEAR OCEAN
-117.22,32.83,31,2558,512,1164,492,3.4318,200400,NEAR OCEAN
-117.22,32.82,35,756,135,423,136,3.5234,183900,NEAR OCEAN
-117.2,32.84,34,3353,544,1583,571,4.55,187700,NEAR OCEAN
-117.2,32.84,32,2033,394,989,389,3.2583,181400,NEAR OCEAN
-117.21,32.84,34,2158,366,1046,335,4.5402,182100,NEAR OCEAN
-117.2,32.83,36,1089,240,623,226,2.5909,176000,NEAR OCEAN
-117.21,32.83,36,1475,328,806,327,3.5078,166000,NEAR OCEAN
-117.21,32.83,28,3241,533,1334,513,4.1806,199600,NEAR OCEAN
-117.21,32.83,35,2259,501,1340,511,3.4482,162500,NEAR OCEAN
-117.21,32.81,33,4773,873,1954,845,4.3862,184800,NEAR OCEAN
-117.21,32.82,31,2035,383,866,360,3.8529,212000,NEAR OCEAN
-117.21,32.81,27,1318,216,495,191,5.2837,283800,NEAR OCEAN
-117.22,32.82,22,3738,795,1476,728,3.7963,303100,NEAR OCEAN
-117.22,32.81,24,730,196,335,203,3.5078,362500,NEAR OCEAN
-117.2,32.83,35,1377,350,792,313,2.8472,161400,NEAR OCEAN
-117.2,32.82,35,1217,220,643,237,3.9464,171600,NEAR OCEAN
-117.2,32.82,35,2772,537,1392,521,3.337,172300,NEAR OCEAN
-117.19,32.82,34,3850,608,1619,602,5.0465,208200,NEAR OCEAN
-117.19,32.82,35,1074,180,442,173,5.253,204000,NEAR OCEAN
-117.19,32.82,35,2197,353,945,357,4.9219,192900,NEAR OCEAN
-117.18,32.84,31,3064,575,1476,549,3.6667,175900,NEAR OCEAN
-117.18,32.84,30,2290,523,1272,472,3.5606,165100,NEAR OCEAN
-117.18,32.84,32,1351,237,823,269,4.2768,167800,NEAR OCEAN
-117.19,32.84,30,2492,406,1250,431,5.5277,197100,NEAR OCEAN
-117.19,32.84,35,2263,427,1001,408,3.875,172000,NEAR OCEAN
-117.18,32.83,23,2105,525,1218,484,3.375,184100,NEAR OCEAN
-117.19,32.83,30,2288,448,1240,469,4.0114,169800,NEAR OCEAN
-117.19,32.83,30,3225,555,1601,532,4.3317,173300,NEAR OCEAN
-117.17,32.83,24,3541,530,1591,530,5.3538,212500,NEAR OCEAN
-117.17,32.82,24,1623,417,911,397,2.7401,198100,NEAR OCEAN
-117.17,32.82,21,2869,596,1471,577,3.0375,197600,NEAR OCEAN
-117.18,32.83,27,2346,399,1105,373,4.2708,182800,NEAR OCEAN
-117.18,32.83,31,1772,353,1090,350,3.9265,162000,NEAR OCEAN
-117.16,32.82,28,2291,371,1098,382,4.6875,188000,NEAR OCEAN
-117.17,32.81,26,2424,388,974,375,4.739,184100,NEAR OCEAN
-117.17,32.81,26,788,127,346,125,5.0603,185700,NEAR OCEAN
-117.18,32.81,19,6823,1509,3784,1509,3.1032,179500,NEAR OCEAN
-117.17,32.82,24,1569,377,715,321,3.1146,187500,NEAR OCEAN
-117.16,32.81,14,4328,1100,2046,1044,2.2899,159000,NEAR OCEAN
-117.16,32.81,35,1213,200,532,181,3.6806,172400,NEAR OCEAN
-117.16,32.8,37,422,79,211,80,3.0625,159700,NEAR OCEAN
-117.16,32.8,22,2259,634,1213,601,2.5,177800,NEAR OCEAN
-117.16,32.81,34,2275,375,1021,379,3.6371,176300,NEAR OCEAN
-117.17,32.81,33,3064,506,1355,488,4.22,178700,NEAR OCEAN
-117.14,32.83,25,2161,462,896,468,2.2284,177500,NEAR OCEAN
-117.18,32.82,25,1756,301,722,312,4.5625,162300,NEAR OCEAN
-117.18,32.81,28,3436,537,1503,498,4.7679,204000,NEAR OCEAN
-117.19,32.81,33,5226,833,2221,839,5.1491,207000,NEAR OCEAN
-117.18,32.8,10,3821,631,1605,609,5.5454,217100,NEAR OCEAN
-117.18,32.8,30,2456,390,1022,393,3.8542,198500,NEAR OCEAN
-117.18,32.79,30,5201,1104,2961,1064,3.2661,140400,NEAR OCEAN
-117.17,32.79,44,2262,647,3009,657,2.2663,123600,NEAR OCEAN
-117.17,32.79,43,1269,297,946,285,2.1447,133300,NEAR OCEAN
-117.16,32.8,25,1399,329,1308,355,2.5682,187500,NEAR OCEAN
-117.17,32.8,20,2827,554,1822,536,3.4706,157600,NEAR OCEAN
-117.15,32.8,27,1937,537,1211,482,2.75,87500,NEAR OCEAN
-117.15,32.8,23,2395,476,2284,488,3.7292,146300,NEAR OCEAN
-117.16,32.78,24,3566,765,1697,722,3.6375,178600,NEAR OCEAN
-117.16,32.79,32,1731,413,1569,427,3.3375,154300,NEAR OCEAN
-117.17,32.78,17,3845,1051,3102,944,2.3658,164100,NEAR OCEAN
-117.16,32.78,34,2515,488,1594,515,3.7381,165000,NEAR OCEAN
-117.17,32.78,42,1104,305,892,270,2.2768,145200,NEAR OCEAN
-117.17,32.77,35,1399,274,695,281,3.767,166800,NEAR OCEAN
-117.17,32.77,6,3856,875,1547,816,4.5481,164800,NEAR OCEAN
-117.18,32.77,16,2374,780,913,705,2.7386,87500,NEAR OCEAN
-117.18,32.76,8,3694,997,1297,807,3.6492,158900,NEAR OCEAN
-117.18,32.76,17,711,254,327,227,2.6493,67500,NEAR OCEAN
-117.18,32.78,21,4185,1018,3122,993,3.0481,210000,NEAR OCEAN
-117.18,32.77,23,1215,225,592,224,3.4,200600,NEAR OCEAN
-117.21,32.81,26,2496,407,1062,380,5.5413,302100,NEAR OCEAN
-117.2,32.8,34,4854,912,2089,854,3.8542,200000,NEAR OCEAN
-117.2,32.79,16,2079,394,746,383,5.0958,300000,NEAR OCEAN
-117.2,32.8,33,2573,436,1084,443,4.2417,294100,NEAR OCEAN
-117.21,32.8,34,1398,222,532,244,3.7102,289600,NEAR OCEAN
-117.19,32.8,16,2593,794,1235,684,3.1304,166300,NEAR OCEAN
-117.2,32.8,36,4018,1067,1620,842,2.3599,168400,NEAR OCEAN
-117.19,32.79,36,1514,258,665,278,3.8571,235100,NEAR OCEAN
-117.19,32.79,35,1788,378,777,374,3.3713,238400,NEAR OCEAN
-117.2,32.79,31,3417,533,1245,532,4.7788,276000,NEAR OCEAN
-117.2,32.79,29,1213,,654,246,4.5987,255600,NEAR OCEAN
-117.2,32.79,34,757,212,409,222,3.2312,192200,NEAR OCEAN
-117.19,32.78,34,4108,664,1659,644,4.4097,252000,NEAR OCEAN
-117.2,32.78,38,2662,498,1132,496,4.0057,241600,NEAR OCEAN
-117.19,32.77,30,2747,640,3185,657,3.765,238000,NEAR OCEAN
-117.19,32.77,16,3273,670,1305,671,4.1368,151000,NEAR OCEAN
-117.19,32.77,9,634,152,248,133,3.8571,143800,NEAR OCEAN
-117.19,32.77,14,3575,992,1645,839,2.4397,140600,NEAR OCEAN
-117.2,32.77,30,156,45,77,40,3.2679,137500,NEAR OCEAN
-117.2,32.77,31,1952,471,936,462,2.8621,196900,NEAR OCEAN
-117.15,32.81,34,1629,318,900,282,3.1458,178300,NEAR OCEAN
-117.15,32.8,41,1413,261,1070,259,2.3578,166700,NEAR OCEAN
-117.14,32.8,41,2423,469,1813,466,2.1157,156900,NEAR OCEAN
-117.14,32.8,33,2670,435,1256,431,3.9417,179800,NEAR OCEAN
-117.14,32.8,35,1267,212,710,204,2.5368,169600,NEAR OCEAN
-117.14,32.79,35,3578,582,1568,553,4.7813,188600,NEAR OCEAN
-117.15,32.78,25,1577,266,611,284,5.25,205100,NEAR OCEAN
-117.14,32.79,31,984,161,422,158,5.282,183000,NEAR OCEAN
-117.13,32.81,19,2157,554,1349,535,2.7652,177400,NEAR OCEAN
-117.14,32.81,34,1748,294,800,294,4.4886,179100,NEAR OCEAN
-117.13,32.8,15,1606,375,784,342,3.7237,108300,NEAR OCEAN
-117.13,32.8,33,2731,456,1263,445,4.5568,175300,NEAR OCEAN
-117.12,32.8,29,2863,534,1392,522,3.8719,174200,NEAR OCEAN
-117.13,32.81,26,2119,444,1202,440,3.2308,166500,NEAR OCEAN
-117.12,32.8,31,1727,342,879,345,3.8125,166300,NEAR OCEAN
-117.13,32.8,35,2129,382,1044,350,3.9732,174900,NEAR OCEAN
-117.13,32.79,35,1458,262,723,257,4.2098,174100,NEAR OCEAN
-117.13,32.79,35,1362,243,698,255,3.6458,173800,NEAR OCEAN
-117.12,32.78,4,2782,817,1309,787,4.2621,124200,NEAR OCEAN
-117.15,32.77,16,2056,631,847,569,2.9576,92200,NEAR OCEAN
-117.09,32.81,7,6100,1185,2710,1040,5.5673,288200,NEAR OCEAN
-117.11,32.82,16,3980,682,3174,647,2.6607,175000,NEAR OCEAN
-117.11,32.82,17,1787,330,1341,314,2.875,112500,NEAR OCEAN
-117.11,32.81,15,3428,491,2303,486,2.5953,67500,NEAR OCEAN
-117.11,32.8,17,3890,586,2791,595,3.2197,67500,NEAR OCEAN
-117.09,32.8,15,666,152,247,164,2.15,131300,NEAR OCEAN
-117.11,32.84,16,4608,629,2020,636,6.04,243000,<1H OCEAN
-117.11,32.82,16,4241,892,1771,864,4.375,166500,NEAR OCEAN
-117.1,32.83,16,1049,154,467,160,6.2047,248100,<1H OCEAN
-117.1,32.83,16,4214,744,1820,699,4.3783,179500,<1H OCEAN
-117.09,32.83,15,4138,636,2001,677,4.8419,264000,<1H OCEAN
-117.08,32.82,16,1787,236,770,228,7.1298,278600,<1H OCEAN
-117.08,32.82,10,5177,856,2190,816,5.9734,271700,<1H OCEAN
-117.08,32.83,7,13703,2352,4446,1856,6.4335,260600,<1H OCEAN
-117.04,32.83,8,2205,348,777,341,6.0266,177400,<1H OCEAN
-117.07,32.91,5,2234,256,894,253,10.3354,477600,<1H OCEAN
-117.04,32.9,6,6525,826,3146,806,9.2858,436100,<1H OCEAN
-117.08,32.8,25,2963,552,1162,556,3.625,184500,NEAR OCEAN
-117.09,32.79,20,2183,534,999,496,2.8631,169700,NEAR OCEAN
-117.09,32.8,36,2163,367,915,360,4.7188,174100,NEAR OCEAN
-117.08,32.8,32,1587,268,635,249,3.375,178100,NEAR OCEAN
-117.11,32.79,16,2574,771,1129,721,3.3849,96900,NEAR OCEAN
-117.11,32.79,16,1791,518,1006,491,3.5179,129300,NEAR OCEAN
-117.11,32.78,16,2470,830,1170,724,3.5562,73500,NEAR OCEAN
-117.11,32.78,16,2220,512,930,527,3.6528,133200,NEAR OCEAN
-117.09,32.79,36,1529,266,683,260,4.0982,171200,NEAR OCEAN
-117.09,32.79,36,1936,345,861,343,3.8333,170000,NEAR OCEAN
-117.09,32.79,31,2019,417,872,386,3.1964,177700,NEAR OCEAN
-117.09,32.78,28,1708,393,816,393,2.9881,165300,NEAR OCEAN
-117.07,32.8,31,2550,395,1017,405,5.1488,181000,<1H OCEAN
-117.07,32.8,36,2028,349,820,352,3.9828,168900,<1H OCEAN
-117.07,32.79,36,3583,642,1711,602,3.9745,170800,NEAR OCEAN
-117.07,32.8,23,2698,410,1094,411,5.1782,195100,<1H OCEAN
-117.07,32.81,15,2000,402,778,369,4.3594,224200,<1H OCEAN
-117.06,32.81,17,3939,550,1694,553,6.7927,234700,<1H OCEAN
-117.05,32.81,17,1885,292,771,301,5.6402,228600,<1H OCEAN
-117.05,32.8,17,1475,308,549,293,3.7167,180400,<1H OCEAN
-117.06,32.8,17,2247,340,973,318,5.5,222000,<1H OCEAN
-117.07,32.79,25,2489,314,911,309,7.8336,277600,NEAR OCEAN
-117.07,32.78,26,3725,623,1516,627,4.7143,268300,NEAR OCEAN
-117.08,32.78,21,2919,496,984,443,4.625,222800,NEAR OCEAN
-117.04,32.79,23,2491,350,863,348,6.7196,306800,<1H OCEAN
-117.04,32.8,25,2504,345,1067,350,5.7416,243400,<1H OCEAN
-117.05,32.8,16,1561,378,574,350,3.0035,94600,<1H OCEAN
-117.05,32.8,25,1905,250,865,253,6.4797,249000,<1H OCEAN
-117.05,32.8,23,3309,401,1116,386,7.916,330600,<1H OCEAN
-117.06,32.79,17,2524,332,771,317,8.7604,331800,<1H OCEAN
-117.06,32.79,21,3787,492,1246,457,9.6023,391300,<1H OCEAN
-117.06,32.78,31,2485,436,942,448,4.8,220800,NEAR OCEAN
-117.02,32.8,27,2369,370,927,374,4.1162,177200,<1H OCEAN
-117.03,32.79,26,3859,513,1469,538,5.8683,220500,<1H OCEAN
-117.03,32.8,19,3866,775,1554,703,4.3281,220000,<1H OCEAN
-117.04,32.8,11,1802,440,630,428,2.0337,146700,<1H OCEAN
-117.01,32.8,17,1042,210,650,215,3.1,84200,<1H OCEAN
-117.01,32.8,17,1558,479,803,431,2.6934,160200,<1H OCEAN
-117.01,32.8,20,2705,545,1198,497,3.7159,168900,<1H OCEAN
-117.01,32.79,33,4015,663,1864,664,4.3152,159300,<1H OCEAN
-117.02,32.8,29,1232,243,665,247,3.65,168900,<1H OCEAN
-117.02,32.8,31,2692,445,1129,450,4.4583,170000,<1H OCEAN
-117.01,32.81,26,4499,645,1866,626,5.516,185100,<1H OCEAN
-117.02,32.81,27,1950,317,950,320,4.0656,164000,<1H OCEAN
-117.02,32.81,26,1998,301,874,305,5.4544,180900,<1H OCEAN
-117.01,32.81,21,4203,618,1620,600,5.3441,193500,<1H OCEAN
-117.02,32.81,14,3173,599,1451,585,3.7292,182200,<1H OCEAN
-117.03,32.82,16,1765,289,743,280,4.9744,209700,<1H OCEAN
-117.04,32.81,12,2880,406,1381,418,6.5412,254200,<1H OCEAN
-117.05,32.82,16,4046,731,1684,701,4.2312,197000,<1H OCEAN
-117.05,32.59,26,1919,345,1326,341,4.2679,131900,NEAR OCEAN
-117.06,32.59,13,3920,775,2814,760,4.0616,148800,NEAR OCEAN
-117.05,32.58,22,2101,399,1551,371,4.1518,136900,NEAR OCEAN
-117.06,32.58,17,2724,567,2213,554,3.8529,147700,NEAR OCEAN
-117.06,32.58,13,3435,708,1761,699,3.4792,107600,NEAR OCEAN
-117.06,32.58,11,2879,679,2098,673,3.5125,142400,NEAR OCEAN
-117.06,32.57,16,1269,282,1609,298,2.6985,156500,NEAR OCEAN
-117.04,32.58,14,2355,406,1883,401,5.0311,152100,NEAR OCEAN
-117.04,32.58,20,2029,357,1497,353,4.0089,132100,NEAR OCEAN
-117.05,32.58,23,1918,339,1392,340,4.087,134800,NEAR OCEAN
-117.05,32.58,25,2185,370,1558,369,5.3072,132700,NEAR OCEAN
-117.05,32.57,22,2857,516,2412,496,4.7337,127600,NEAR OCEAN
-117.06,32.57,25,1268,282,991,299,3.0284,123600,NEAR OCEAN
-117.06,32.57,17,2252,378,1776,365,4.6364,141100,NEAR OCEAN
-117.05,32.57,13,2880,576,2450,567,3.1696,138000,NEAR OCEAN
-117.05,32.56,18,1215,320,1195,349,1.9875,114900,NEAR OCEAN
-117.05,32.56,17,985,233,811,223,2.875,134500,NEAR OCEAN
-117.06,32.57,18,1384,311,1429,287,1.3362,95000,NEAR OCEAN
-116.97,32.56,23,1262,294,5176,275,2.5625,153300,NEAR OCEAN
-117.04,32.55,15,2206,648,2511,648,1.6348,93200,NEAR OCEAN
-117.05,32.56,22,2172,563,2049,524,2.0159,139300,NEAR OCEAN
-117.06,32.56,17,2803,683,2768,676,1.7958,140400,NEAR OCEAN
-117.06,32.56,5,2706,925,3148,855,1.7301,125000,NEAR OCEAN
-117.06,32.55,5,3223,940,3284,854,1.4384,108800,NEAR OCEAN
-117.04,32.54,7,938,297,1187,282,1.2667,67500,NEAR OCEAN
-117.1,32.59,21,2350,667,1621,613,2.0734,87500,NEAR OCEAN
-117.1,32.58,23,1662,377,1318,386,2.3,120800,NEAR OCEAN
-117.1,32.58,17,2046,559,1585,530,2.25,132800,NEAR OCEAN
-117.1,32.58,33,393,76,330,80,4.1029,122700,NEAR OCEAN
-117.1,32.58,29,1061,202,759,206,4.8646,136800,NEAR OCEAN
-117.1,32.57,26,2343,371,1221,372,4.3601,144900,NEAR OCEAN
-117.1,32.56,16,2687,501,1502,480,3.75,146800,NEAR OCEAN
-117.07,32.57,17,2961,634,1911,615,2.5859,131400,NEAR OCEAN
-117.08,32.57,18,2203,544,1943,497,2.25,103200,NEAR OCEAN
-117.07,32.57,14,1527,357,1224,363,2.7361,93600,NEAR OCEAN
-117.07,32.56,9,3648,895,3293,840,3.0992,142600,NEAR OCEAN
-117.08,32.59,8,2888,662,2441,683,2.7048,153000,NEAR OCEAN
-117.08,32.58,15,1462,274,1002,271,3.9698,142700,NEAR OCEAN
-117.08,32.58,22,2128,477,1420,450,3.2687,131000,NEAR OCEAN
-117.07,32.58,25,1607,280,899,260,3.8194,134400,NEAR OCEAN
-117.09,32.58,12,2565,567,1785,545,3.0273,135300,NEAR OCEAN
-117.08,32.57,9,6298,1512,4451,1456,2.569,88300,NEAR OCEAN
-117.09,32.57,23,1817,323,1371,327,3.6736,139500,NEAR OCEAN
-117.09,32.57,10,2198,368,1645,350,4.5547,160700,NEAR OCEAN
-117.09,32.57,17,444,83,357,87,5.1478,138900,NEAR OCEAN
-117.09,32.56,8,864,156,626,172,4.8984,151500,NEAR OCEAN
-117.09,32.55,8,6533,1217,4797,1177,3.9583,144400,NEAR OCEAN
-117.12,32.58,34,2003,466,1226,443,3.0613,136700,NEAR OCEAN
-117.12,32.57,21,1738,295,983,298,4.8274,174100,NEAR OCEAN
-117.13,32.58,27,2511,615,1427,576,3.1645,156000,NEAR OCEAN
-117.13,32.58,32,1870,437,1142,426,2.3194,159400,NEAR OCEAN
-117.13,32.58,27,1417,373,814,348,2.3603,195300,NEAR OCEAN
-117.12,32.56,20,2524,682,1819,560,2.9286,257700,NEAR OCEAN
-117.11,32.58,28,1869,407,1074,344,2.5988,135600,NEAR OCEAN
-117.11,32.57,32,2723,586,1702,562,3.3371,140500,NEAR OCEAN
-117.12,32.57,35,1450,256,930,286,2.6715,133300,NEAR OCEAN
-117.12,32.58,26,1360,309,869,328,3.0217,131600,NEAR OCEAN
-117.11,32.58,21,2894,685,2109,712,2.2755,125000,NEAR OCEAN
-117.1,32.58,27,2616,591,1889,577,2.3824,127600,NEAR OCEAN
-117.1,32.57,14,5058,1299,3662,1193,2.3253,133700,NEAR OCEAN
-117.11,32.59,17,2020,534,1529,500,2.1773,143200,NEAR OCEAN
-117.11,32.58,12,1086,294,870,290,2.4213,132500,NEAR OCEAN
-117.11,32.59,18,2329,580,1538,567,2.1179,153100,NEAR OCEAN
-117.12,32.59,28,2793,706,1825,676,2.6724,144500,NEAR OCEAN
-117.16,32.58,36,1940,399,1076,382,3.3906,147800,NEAR OCEAN
-117.13,32.63,10,7374,1157,1900,794,8.7991,478500,NEAR OCEAN
-117.17,32.63,26,1617,279,2745,250,3.5357,67500,NEAR OCEAN
-117.17,32.68,16,5895,1424,873,522,7.3669,187500,NEAR OCEAN
-117.18,32.68,29,1539,344,556,289,3.25,500001,NEAR OCEAN
-117.18,32.69,52,1837,313,668,300,5.1009,500001,NEAR OCEAN
-117.18,32.69,37,3112,716,1304,674,3.2121,320800,NEAR OCEAN
-117.18,32.69,44,2819,514,1258,503,4.4777,452800,NEAR OCEAN
-117.17,32.69,40,2236,331,767,316,5.3177,500001,NEAR OCEAN
-117.18,32.69,48,2764,491,978,449,5.1249,432400,NEAR OCEAN
-117.17,32.69,19,2802,802,1159,597,4.7891,334600,NEAR OCEAN
-117.17,32.69,45,3168,598,1341,562,4.5189,422200,NEAR OCEAN
-117.17,32.7,33,4084,897,1804,833,4.0488,409700,NEAR OCEAN
-117.18,32.7,44,2655,514,1102,489,3.6759,368800,NEAR OCEAN
-117.18,32.7,42,1691,286,761,281,5.1386,404500,NEAR OCEAN
-117.19,32.69,35,2921,438,1042,415,6.3612,482700,NEAR OCEAN
-117.11,32.68,36,26,14,58,23,1.9107,125000,NEAR OCEAN
-117.11,32.67,43,515,146,445,140,1.6094,93000,NEAR OCEAN
-117.11,32.67,46,928,236,790,235,1.6806,92500,NEAR OCEAN
-117.11,32.67,52,204,74,248,57,1.7961,47500,NEAR OCEAN
-117.12,32.66,52,16,4,8,3,1.125,60000,NEAR OCEAN
-117.11,32.67,52,280,71,217,71,1.4844,83300,NEAR OCEAN
-117.11,32.66,52,25,5,14,9,1.625,118800,NEAR OCEAN
-117.09,32.67,37,1157,332,983,306,2.0972,117000,NEAR OCEAN
-117.09,32.66,38,833,206,570,182,1.8333,127100,NEAR OCEAN
-117.09,32.66,37,1232,330,1086,330,1.6389,114300,NEAR OCEAN
-117.1,32.66,27,1782,560,1785,560,2.1542,106300,NEAR OCEAN
-117.1,32.67,26,2629,763,2721,767,2.0982,109100,NEAR OCEAN
-117.1,32.67,22,1690,541,1669,494,2.0213,110600,NEAR OCEAN
-117.09,32.68,30,2662,653,1997,605,2.8089,120600,NEAR OCEAN
-117.09,32.67,31,2051,549,1581,538,2.052,108900,NEAR OCEAN
-117.1,32.67,15,1635,553,1347,597,1.2745,92900,NEAR OCEAN
-117.1,32.68,20,1012,269,837,240,2.0488,88900,NEAR OCEAN
-117.1,32.69,29,4174,1195,3675,1124,1.8112,103600,NEAR OCEAN
-117.1,32.68,42,2013,568,1920,557,2.0724,107600,NEAR OCEAN
-117.1,32.68,47,771,224,637,212,2.0156,90300,NEAR OCEAN
-117.1,32.68,49,1412,350,1200,332,2.0398,93600,NEAR OCEAN
-117.1,32.68,47,1044,274,1003,280,1.7802,97800,NEAR OCEAN
-117.1,32.68,45,1183,289,900,266,2.4943,99600,NEAR OCEAN
-117.07,32.69,29,1429,293,1091,317,3.4609,118000,NEAR OCEAN
-117.08,32.69,31,2558,487,1938,492,3.4875,117000,NEAR OCEAN
-117.08,32.69,36,1571,284,1001,268,3.6875,111400,NEAR OCEAN
-117.09,32.69,34,1469,267,1031,267,3.4583,112700,NEAR OCEAN
-117.09,32.68,29,1792,449,1650,396,2.2201,100000,NEAR OCEAN
-117.07,32.69,28,1485,275,820,283,4.069,153300,NEAR OCEAN
-117.08,32.68,26,3071,615,2156,568,2.9318,112400,NEAR OCEAN
-117.08,32.68,19,3635,1078,3127,1098,1.324,122600,NEAR OCEAN
-117.09,32.68,20,2569,737,2341,705,2.0114,104900,NEAR OCEAN
-117.07,32.67,28,2758,623,2179,631,2.3814,112300,NEAR OCEAN
-117.08,32.67,31,3008,764,2088,757,2.5662,118200,NEAR OCEAN
-117.09,32.66,46,844,147,423,161,3.375,136300,NEAR OCEAN
-117.08,32.66,43,1004,236,839,235,2.81,103400,NEAR OCEAN
-117.07,32.67,35,3200,725,1723,610,1.8977,95600,NEAR OCEAN
-117.07,32.65,12,4131,891,2272,840,3.4701,204900,NEAR OCEAN
-117.07,32.64,32,5135,1025,2152,944,4.1325,172800,NEAR OCEAN
-117.08,32.64,43,1005,230,548,252,1.8672,145800,NEAR OCEAN
-117.08,32.65,17,2633,712,1487,694,2.5392,147000,NEAR OCEAN
-117.08,32.64,38,917,256,494,233,1.9241,150000,NEAR OCEAN
-117.08,32.64,11,1651,533,947,515,1.6806,141700,NEAR OCEAN
-117.09,32.65,20,1445,323,573,334,2.619,145800,NEAR OCEAN
-117.09,32.65,25,3509,985,2359,899,2.6296,150000,NEAR OCEAN
-117.08,32.65,28,2296,603,1277,550,2.3562,123800,NEAR OCEAN
-117.09,32.64,38,2095,536,1240,550,2.7218,145900,NEAR OCEAN
-117.09,32.64,30,3171,862,2126,800,2.507,142700,NEAR OCEAN
-117.1,32.64,29,1578,460,1236,461,2.5658,134700,NEAR OCEAN
-117.09,32.64,20,1999,651,1302,592,1.6321,57500,NEAR OCEAN
-117.09,32.64,19,2571,791,1205,783,1.62,131300,NEAR OCEAN
-117.09,32.63,27,2920,770,1935,746,2.4148,67500,NEAR OCEAN
-117.11,32.64,23,1619,447,1025,415,1.858,67500,NEAR OCEAN
-117.11,32.62,27,1846,509,1078,482,2.1719,131500,NEAR OCEAN
-117.09,32.62,37,1538,298,867,285,3.0729,128700,NEAR OCEAN
-117.09,32.62,37,1925,428,1344,426,2.4866,129700,NEAR OCEAN
-117.09,32.62,34,1576,364,1153,381,2.1955,129700,NEAR OCEAN
-117.08,32.63,33,2891,793,1607,754,2.1281,139800,NEAR OCEAN
-117.09,32.64,24,3613,973,2002,931,1.947,147500,NEAR OCEAN
-117.09,32.63,33,620,161,420,164,1.8417,150000,NEAR OCEAN
-117.07,32.64,38,1486,269,745,295,4.6477,150400,NEAR OCEAN
-117.07,32.63,37,2303,379,1026,357,3.455,156900,NEAR OCEAN
-117.07,32.64,30,2873,774,1593,731,2.24,129500,NEAR OCEAN
-117.06,32.63,37,1326,234,612,240,4.125,160200,NEAR OCEAN
-117.06,32.62,36,786,125,408,138,3.9167,189700,NEAR OCEAN
-117.07,32.63,40,1706,322,796,303,3.5583,154900,NEAR OCEAN
-117.07,32.63,37,2372,444,1056,419,3.7583,145500,NEAR OCEAN
-117.08,32.63,30,2504,559,1827,490,2.6146,159400,NEAR OCEAN
-117.08,32.63,28,2080,427,1266,434,2.2788,146300,NEAR OCEAN
-117.08,32.62,28,2468,506,1353,522,3.0771,158600,NEAR OCEAN
-117.08,32.62,36,1674,309,818,307,3.4773,150400,NEAR OCEAN
-117.09,32.61,23,1157,309,640,313,2.1548,118800,NEAR OCEAN
-117.09,32.61,21,1945,430,1335,419,3.6467,113000,NEAR OCEAN
-117.08,32.62,16,5192,1381,3261,1321,2.2685,151900,NEAR OCEAN
-117.08,32.61,27,2264,525,1485,468,3.3514,149100,NEAR OCEAN
-117.07,32.62,19,5016,1173,2750,1081,2.7838,155900,NEAR OCEAN
-117.06,32.61,34,4325,1015,2609,979,2.8489,128300,NEAR OCEAN
-117.07,32.61,22,5016,1331,3222,1196,2.1441,135500,NEAR OCEAN
-117.07,32.6,18,2602,551,1042,550,1.9267,67500,NEAR OCEAN
-117.07,32.59,21,1779,466,1327,488,1.6007,96200,NEAR OCEAN
-117.08,32.59,30,144,52,220,48,2.3929,134400,NEAR OCEAN
-117.08,32.6,24,1901,490,1334,476,2.2544,121900,NEAR OCEAN
-117.07,32.61,10,1686,414,1000,391,2.1765,128400,NEAR OCEAN
-117.06,32.61,24,4369,1353,3123,1247,2.0571,152300,NEAR OCEAN
-117.06,32.61,23,1630,362,1267,418,2.5625,131100,NEAR OCEAN
-117.07,32.6,13,1607,435,983,400,2.2903,106300,NEAR OCEAN
-117.06,32.6,25,1075,238,434,234,1.7472,94600,NEAR OCEAN
-117.06,32.6,24,1088,268,1095,246,2.4191,107300,NEAR OCEAN
-117.06,32.6,33,905,205,989,222,2.7014,108200,NEAR OCEAN
-117.05,32.63,31,4911,861,2334,843,4.1958,160100,NEAR OCEAN
-117.05,32.62,34,3928,686,2315,681,4.2851,144500,NEAR OCEAN
-117.04,32.62,26,3620,607,2000,593,4.9962,156000,NEAR OCEAN
-117.05,32.61,31,4033,715,2585,715,3.5096,139900,NEAR OCEAN
-117.05,32.61,21,6034,1205,3795,1146,3.2633,129700,NEAR OCEAN
-117.05,32.61,26,1563,286,1145,313,3.8615,139300,NEAR OCEAN
-117.04,32.6,20,8052,1461,5094,1430,4.2241,139800,NEAR OCEAN
-117.04,32.6,18,4747,846,3002,872,3.9076,152900,NEAR OCEAN
-117.05,32.59,16,4683,929,3073,865,3.0495,98300,NEAR OCEAN
-117.04,32.63,26,2074,356,1228,335,4.1154,160200,NEAR OCEAN
-117.04,32.62,27,1710,282,1089,297,4.6793,151900,NEAR OCEAN
-117.03,32.61,23,1553,216,778,229,5.1538,171300,NEAR OCEAN
-117.03,32.61,22,1028,148,523,152,6.0086,166900,NEAR OCEAN
-117.03,32.6,26,1335,224,742,215,5.152,143400,NEAR OCEAN
-117.02,32.59,19,1902,335,1102,313,3.0365,98100,NEAR OCEAN
-116.98,32.62,6,7995,1458,4771,1376,4.7068,184300,NEAR OCEAN
-117.06,32.64,30,4494,667,1883,680,5.766,186100,NEAR OCEAN
-117.06,32.63,29,4168,742,2096,713,4.2204,169800,NEAR OCEAN
-116.98,32.68,22,2346,380,1217,382,5.5248,156300,NEAR OCEAN
-117.01,32.67,17,2319,348,1125,337,5.551,266900,NEAR OCEAN
-117,32.67,16,2238,307,1002,303,6.6143,264100,NEAR OCEAN
-117.02,32.67,20,1505,184,635,182,6.5772,245200,NEAR OCEAN
-117.01,32.66,11,9992,1368,4495,1316,6.9664,293900,NEAR OCEAN
-117.02,32.66,19,771,,376,108,6.6272,273600,NEAR OCEAN
-116.97,32.65,4,16450,2833,7985,2683,5.6631,233400,NEAR OCEAN
-116.99,32.64,15,4331,699,2046,627,3.9519,193500,NEAR OCEAN
-117.04,32.65,8,8806,1401,3159,1059,4.2155,247800,NEAR OCEAN
-117.03,32.65,14,1111,142,472,145,7.6344,290500,NEAR OCEAN
-117,32.64,11,3098,490,1391,484,4.9792,170400,NEAR OCEAN
-117.01,32.63,7,6483,976,3269,1005,5.7358,221600,NEAR OCEAN
-117.04,32.64,5,2329,542,1213,514,4.0298,225600,NEAR OCEAN
-117.02,32.64,5,260,41,157,42,6.5151,281700,NEAR OCEAN
-117.03,32.63,13,2087,313,1165,330,5.7789,227700,NEAR OCEAN
-117.03,32.63,14,2796,476,1466,464,5.2489,213700,NEAR OCEAN
-117.04,32.63,26,2756,422,1166,398,5.1354,181600,NEAR OCEAN
-116.99,32.74,17,3101,547,1410,486,3.1771,189900,<1H OCEAN
-116.98,32.74,17,3943,843,1995,766,2.6944,158300,<1H OCEAN
-116.98,32.74,24,977,147,454,169,4.9286,173700,<1H OCEAN
-116.98,32.74,16,3361,537,1754,578,5.1098,162300,<1H OCEAN
-116.98,32.72,15,4209,680,1914,641,4.5135,158300,<1H OCEAN
-116.98,32.73,16,952,143,530,143,5.0864,175300,<1H OCEAN
-116.98,32.72,4,1078,158,571,184,4.6667,223300,<1H OCEAN
-116.97,32.74,14,7410,1344,3597,1274,4.2192,176100,<1H OCEAN
-116.95,32.74,7,2722,578,1429,574,3.9583,141700,<1H OCEAN
-116.96,32.71,18,2413,533,1129,551,2.4567,155000,<1H OCEAN
-116.95,32.73,17,1635,272,960,279,5.2671,157100,<1H OCEAN
-116.97,32.76,26,2460,313,838,299,5.9878,270700,<1H OCEAN
-116.98,32.75,25,4137,662,1905,630,4.375,214000,<1H OCEAN
-116.97,32.75,28,3519,583,1720,590,4.7973,186900,<1H OCEAN
-116.98,32.75,18,1519,369,802,347,2.9886,170800,<1H OCEAN
-116.97,32.76,33,3071,466,1348,513,6.1768,228900,<1H OCEAN
-116.95,32.76,13,5543,857,2074,737,4.9528,266200,<1H OCEAN
-116.94,32.75,4,14934,2479,6945,2418,5.1221,229700,<1H OCEAN
-116.92,32.76,9,1859,307,947,304,5.9202,181300,<1H OCEAN
-116.92,32.76,7,1659,237,862,242,5.2741,249400,<1H OCEAN
-116.91,32.75,5,8710,1614,4372,1527,4.7813,240900,<1H OCEAN
-117,32.76,31,1989,280,805,301,6.5645,189100,<1H OCEAN
-116.99,32.76,21,3833,595,1645,589,4.625,273500,<1H OCEAN
-116.99,32.74,18,3341,611,1952,602,3.9844,215300,<1H OCEAN
-117,32.74,17,2357,599,1423,510,1.8856,118800,<1H OCEAN
-116.99,32.73,30,1856,339,1103,379,4.0357,153800,<1H OCEAN
-117.01,32.75,26,4038,706,2065,687,3.9545,178100,<1H OCEAN
-117.01,32.75,34,2105,340,973,357,4.3088,152500,<1H OCEAN
-117.01,32.74,31,3473,,2098,677,2.6973,135200,<1H OCEAN
-117.01,32.73,22,2526,530,1556,529,2.8646,120800,NEAR OCEAN
-117,32.73,17,6050,1143,3424,1131,3.7647,127600,<1H OCEAN
-117,32.72,10,3817,943,2352,875,2.1362,143200,NEAR OCEAN
-117.01,32.72,12,2914,734,2104,703,2.3068,132300,NEAR OCEAN
-116.99,32.7,15,3660,622,2629,612,4.0444,150100,NEAR OCEAN
-117,32.7,23,2785,468,1456,449,4.3714,131000,NEAR OCEAN
-116.98,32.71,18,2355,444,1277,433,3.4551,121400,<1H OCEAN
-116.99,32.71,21,3049,582,2355,585,3.8904,113800,NEAR OCEAN
-117,32.71,22,2263,441,1395,416,3.725,123500,NEAR OCEAN
-117.01,32.71,20,3506,692,1977,668,2.981,129100,NEAR OCEAN
-116.99,32.72,15,825,130,334,131,4.0391,169500,<1H OCEAN
-116.99,32.72,14,1771,301,1046,284,4.775,143300,<1H OCEAN
-116.99,32.72,13,1330,216,719,215,3.8295,149600,<1H OCEAN
-116.99,32.72,11,1112,164,441,174,4.7679,169500,<1H OCEAN
-117.02,32.74,30,4205,772,2012,734,3.5,144700,NEAR OCEAN
-117.03,32.73,34,2061,,1169,400,3.5096,142000,NEAR OCEAN
-117.03,32.73,32,1750,333,997,335,3.4784,154400,NEAR OCEAN
-117.03,32.74,37,821,150,404,135,3.0125,130400,NEAR OCEAN
-117.02,32.73,22,5201,865,3280,817,4.7952,141400,NEAR OCEAN
-117.02,32.72,36,2030,369,1142,357,3.7763,126900,NEAR OCEAN
-117.03,32.73,38,3174,606,1557,619,3.5861,123600,NEAR OCEAN
-117.03,32.72,38,886,176,505,188,3.5938,125400,NEAR OCEAN
-117.03,32.72,37,2192,455,1515,446,3.0588,120600,NEAR OCEAN
-117.04,32.72,24,5474,955,3020,904,4.0813,137000,NEAR OCEAN
-117.04,32.73,36,2084,400,1097,398,3.2717,130700,NEAR OCEAN
-117.04,32.73,25,1375,267,1032,278,3.5492,125400,NEAR OCEAN
-117.05,32.72,35,3669,617,1694,585,3.9485,133900,NEAR OCEAN
-117.05,32.73,27,3184,588,1763,571,3.5529,133900,NEAR OCEAN
-117.03,32.74,35,1878,454,991,409,2.4345,129700,NEAR OCEAN
-117.04,32.74,33,3880,770,2288,805,3.6848,140700,NEAR OCEAN
-117.02,32.74,12,3301,963,2000,879,1.8594,119200,NEAR OCEAN
-117.04,32.74,5,2878,785,1727,758,1.7179,132000,NEAR OCEAN
-117.04,32.75,36,2297,418,1070,392,3.5192,144000,NEAR OCEAN
-117.05,32.75,29,2767,612,1437,587,2.8306,142900,NEAR OCEAN
-117.05,32.75,43,1718,344,826,336,2.7014,133700,NEAR OCEAN
-117.03,32.77,34,1796,428,918,424,2.875,161200,<1H OCEAN
-117.02,32.76,15,1204,326,543,326,1.0278,154200,<1H OCEAN
-117.02,32.76,40,2523,488,976,470,3.11,185700,<1H OCEAN
-117.02,32.75,33,3296,537,1345,556,5.2835,217100,<1H OCEAN
-117.03,32.75,24,7879,1655,3898,1534,3.0897,187300,NEAR OCEAN
-117.04,32.77,26,4263,1037,2199,1010,2.734,148900,<1H OCEAN
-117.04,32.76,43,3171,665,1534,625,3.141,141400,NEAR OCEAN
-117.05,32.76,37,4879,906,2076,871,3.6625,154800,NEAR OCEAN
-117.04,32.76,37,2979,557,1285,564,3.7368,152200,NEAR OCEAN
-117.04,32.77,16,7963,1881,3769,1804,2.9624,144700,<1H OCEAN
-117.03,32.77,19,4819,1492,2572,1336,2.3393,118200,<1H OCEAN
-117.05,32.78,37,1184,178,529,192,4.7941,161700,<1H OCEAN
-117.03,32.78,17,5481,1618,2957,1537,2.5707,171300,<1H OCEAN
-117.02,32.78,33,3481,708,1726,719,3.3675,158200,<1H OCEAN
-117.03,32.79,31,2366,383,1077,387,4.2992,174400,<1H OCEAN
-117.03,32.79,17,7352,1699,3331,1634,2.7006,166300,<1H OCEAN
-117,32.77,30,1802,401,776,386,2.8125,173500,<1H OCEAN
-117.01,32.76,22,3626,824,1800,769,2.8594,189600,<1H OCEAN
-117.01,32.76,34,3415,608,1464,593,4.0549,223700,<1H OCEAN
-117.01,32.77,24,2311,536,1005,525,2.9,185200,<1H OCEAN
-117.01,32.77,34,3330,723,1592,656,2.6678,164200,<1H OCEAN
-118.99,35.27,32,444,102,242,87,1.1528,150000,INLAND
-118.93,34.82,24,806,168,323,136,3.5,113900,INLAND
-118.95,34.83,18,3278,762,1338,550,2.9891,116500,INLAND
-118.95,34.81,30,2817,604,1089,412,3.1364,123500,INLAND
-119.15,34.83,6,8733,1600,2006,736,4.5724,168400,INLAND
-119.16,34.95,14,4054,787,1581,579,3.0882,148200,INLAND
-118.93,34.82,8,508,111,229,84,4.0332,128300,INLAND
-119.4,35.06,21,2213,458,1250,440,2.9187,52100,INLAND
-119.45,35.07,45,973,183,500,177,2.6389,30000,INLAND
-119.42,35.19,26,890,172,483,170,4.15,68200,INLAND
-119.5,35.27,23,3827,696,1993,617,3.0742,57900,INLAND
-119.48,35.17,36,116,20,39,18,3.125,37500,INLAND
-119.45,35.16,34,3437,696,1783,608,2.3912,52900,INLAND
-119.46,35.17,40,4164,812,1998,773,2.8323,50800,INLAND
-119.46,35.14,30,2943,,1565,584,2.5313,45800,INLAND
-119.47,35.14,19,4190,690,1973,702,3.9929,88300,INLAND
-119.45,35.15,33,5050,964,2293,919,3.1592,75400,INLAND
-119.45,35.13,34,1440,309,808,294,2.3013,26600,INLAND
-119.46,35.13,46,2745,543,1423,482,2.1955,26900,INLAND
-119.47,35.13,44,4599,877,2140,831,2.9952,63800,INLAND
-119.47,35.4,32,2167,421,1301,394,1.9718,69800,INLAND
-119.42,35.4,24,2585,480,1442,424,2.8452,104700,INLAND
-119.12,35.41,12,5589,941,3018,917,4.4561,96900,INLAND
-119.11,35.39,22,984,176,451,170,3.25,88900,INLAND
-119.12,35.39,13,1264,202,552,187,4.5903,94300,INLAND
-119.19,35.41,12,2835,471,1399,413,4.4125,149000,INLAND
-119.2,35.37,6,7383,1095,3415,1059,5.3119,157300,INLAND
-119.12,35.38,18,1521,269,706,279,4.4196,121000,INLAND
-119.11,35.38,37,2044,394,894,359,2.9453,82800,INLAND
-119.12,35.37,13,4527,713,2170,671,4.8266,146200,INLAND
-119.18,35.5,36,1253,259,932,249,2.1635,110400,INLAND
-119.28,35.52,36,786,194,573,134,2.2321,37500,INLAND
-119.27,35.49,39,2649,572,1815,547,2.3533,65400,INLAND
-119.26,35.5,38,2536,409,1133,430,4.2375,78600,INLAND
-119.27,35.5,34,1367,329,796,319,2.8269,61100,INLAND
-119.27,35.51,28,1089,179,544,190,3.2279,95800,INLAND
-119.28,35.5,34,1923,379,1101,351,2.4044,65800,INLAND
-119.28,35.5,28,3107,782,3260,738,1.6944,58600,INLAND
-119.27,35.5,21,2171,483,1315,450,1.7105,52100,INLAND
-119.38,35.49,34,2304,437,1506,403,2.2071,64600,INLAND
-119.34,35.6,16,1584,309,1011,268,2.4961,58800,INLAND
-119.36,35.55,29,510,84,236,73,2.7,125000,INLAND
-119.35,35.58,13,1657,362,1186,376,1.1903,63200,INLAND
-119.34,35.59,33,3240,654,1809,616,2.3934,71900,INLAND
-119.34,35.6,33,2143,488,1732,509,1.9362,59000,INLAND
-119.33,35.6,32,2703,683,2682,675,1.4619,60500,INLAND
-119.35,35.59,14,2719,502,1497,457,3.176,71800,INLAND
-119.33,35.59,20,3085,691,2645,676,1.7868,54100,INLAND
-119.69,35.62,18,820,239,1345,207,2.1186,47500,INLAND
-119.77,35.65,21,2403,483,1647,415,2.6066,80000,INLAND
-119.14,35.76,30,735,137,421,113,2.5625,156300,INLAND
-119.29,35.76,15,3938,789,3500,768,2.1295,59800,INLAND
-119.19,35.64,29,1476,220,902,205,2.6726,83300,INLAND
-119.24,35.68,21,1885,398,1539,388,2.5208,58500,INLAND
-119.22,35.68,16,2874,677,3078,651,1.8843,55200,INLAND
-119.24,35.67,32,3216,750,2639,709,2.0025,54700,INLAND
-119.25,35.78,27,1513,342,1346,323,2.7411,59800,INLAND
-119.25,35.77,35,1618,378,1449,398,1.6786,56500,INLAND
-119.25,35.76,36,2332,656,2175,610,1.6045,57300,INLAND
-119.25,35.75,36,1598,443,1658,417,1.517,52100,INLAND
-119.25,35.79,8,3271,797,2700,688,1.7418,62200,INLAND
-119.25,35.78,35,1927,386,1371,414,2.2981,69900,INLAND
-119.23,35.78,8,1612,343,1230,330,2.1806,67200,INLAND
-119.23,35.79,31,2862,606,2467,600,2.3125,62100,INLAND
-119.24,35.77,28,1737,521,1764,514,1.7813,67800,INLAND
-119.23,35.77,36,3225,635,2034,593,2.4044,72500,INLAND
-119.23,35.74,16,2275,659,1914,614,2.033,68400,INLAND
-119.23,35.77,26,2636,468,1416,485,4.1917,84000,INLAND
-118.92,35.47,6,1755,280,664,254,6.2885,216400,INLAND
-119.01,35.44,20,3458,651,1465,621,2.5806,82500,INLAND
-118.93,35.44,13,1439,237,557,227,6.1563,204200,INLAND
-118.31,35.74,18,2327,642,799,335,1.8419,92300,INLAND
-118.06,35.68,15,1962,403,730,321,2.25,67500,INLAND
-118.44,35.75,23,3166,700,1097,493,2.6288,96000,INLAND
-118.47,35.72,18,4754,1075,1366,690,2.0694,81200,INLAND
-118.5,35.7,18,3303,814,986,522,1.5957,101400,INLAND
-118.59,35.72,28,1491,408,98,48,1.4205,90000,INLAND
-118.87,35.65,33,1504,325,584,223,3.4792,94600,INLAND
-118.23,35.48,17,2354,514,775,380,1.8369,59400,INLAND
-118.33,35.64,15,2966,669,1007,465,1.5667,72500,INLAND
-118.41,35.63,15,5907,1257,2310,1001,2.3125,96900,INLAND
-118.45,35.62,18,2304,527,782,390,1.4141,75800,INLAND
-118.47,35.64,17,2248,535,927,427,1.3023,68500,INLAND
-118.48,35.61,17,4002,930,1614,731,1.6236,67300,INLAND
-118.45,35.58,16,5396,1182,1802,807,1.8819,69700,INLAND
-118.61,35.47,13,2267,601,756,276,2.5474,78400,INLAND
-117.73,35.73,35,2916,594,1870,432,3.625,55000,INLAND
-117.66,35.63,33,2579,564,1155,431,2.0441,42100,INLAND
-117.67,35.65,18,2737,589,1128,533,2.8,72000,INLAND
-117.68,35.65,15,2701,576,1245,513,3.3269,81900,INLAND
-117.69,35.65,5,1131,276,520,232,4.0167,87500,INLAND
-117.7,35.64,8,2683,416,1154,399,5.8625,109400,INLAND
-117.68,35.64,15,3253,573,1408,586,5.2043,95700,INLAND
-117.67,35.64,6,2115,342,927,337,6.1935,115700,INLAND
-117.67,35.63,32,3661,787,1613,706,3.0687,63500,INLAND
-117.68,35.63,18,4334,641,1777,661,6.0653,105300,INLAND
-117.69,35.63,5,3151,482,1335,428,5.5773,109000,INLAND
-117.7,35.62,18,2657,496,1426,483,3.5931,71900,INLAND
-117.68,35.61,9,4241,832,1929,742,3.5988,84500,INLAND
-117.68,35.6,12,1678,241,765,281,6.0532,102800,INLAND
-117.7,35.6,16,2678,483,1473,487,3.858,70200,INLAND
-117.68,35.62,30,2994,741,1481,581,2.1458,52400,INLAND
-117.64,35.61,10,2656,506,1349,501,4.25,83200,INLAND
-117.66,35.62,11,5897,1138,2728,1072,4.15,85700,INLAND
-117.66,35.61,5,5735,932,2623,862,4.8494,87200,INLAND
-117.66,35.6,14,1740,391,850,317,2.5812,91700,INLAND
-117.76,35.63,12,2014,372,1027,356,3.9261,101300,INLAND
-117.68,35.55,9,3811,605,1518,568,5.5551,142500,INLAND
-117.81,35.65,19,1124,290,598,261,1.8984,54300,INLAND
-117.87,35.73,13,2566,449,1181,414,4.1518,91800,INLAND
-117.84,35.54,11,1751,316,765,296,5.0762,98000,INLAND
-117.74,35.65,15,2357,484,1110,442,3.1755,81700,INLAND
-117.84,35.35,28,1913,486,858,371,1.9962,50800,INLAND
-118,35.05,21,1739,425,945,362,3.4015,86500,INLAND
-117.82,35.03,30,2555,510,1347,467,3.3693,71800,INLAND
-117.76,35.22,4,18,3,8,6,1.625,275000,INLAND
-117.79,35.21,4,2,2,6,2,2.375,137500,INLAND
-118.01,35.12,15,1926,361,917,316,3.3889,68500,INLAND
-117.98,35.13,5,4849,920,2504,847,3.5391,81900,INLAND
-117.95,35.13,4,2630,502,1150,422,4.25,104400,INLAND
-117.95,35.08,1,83,15,32,15,4.875,141700,INLAND
-117.98,35.1,4,923,166,352,135,4.5724,84500,INLAND
-117.99,35.16,15,2180,416,960,370,2.875,87800,INLAND
-118.27,34.92,20,873,175,422,159,2.9583,91700,INLAND
-118.34,34.86,11,7353,1482,3571,1308,2.8097,130000,INLAND
-117.68,35.03,28,2969,648,1644,570,3.4338,54900,INLAND
-117.68,34.99,33,1589,307,853,272,4.2292,64400,INLAND
-117.65,35,36,1184,316,672,241,1.9107,39800,INLAND
-118.15,34.86,10,4597,1009,2227,821,2.6149,83500,INLAND
-118.17,34.87,9,1507,293,761,278,3.0184,87900,INLAND
-118.19,34.87,2,2103,389,923,338,5.0553,111100,INLAND
-118.17,34.86,21,2370,540,1488,554,2.7361,83300,INLAND
-118.15,35.06,15,1069,296,569,263,2.0441,73300,INLAND
-118.16,35.05,44,1297,307,776,278,2.5875,68900,INLAND
-118.19,35.05,14,2992,573,1631,526,3.7452,83200,INLAND
-118.15,35.04,29,1671,368,821,337,2.16,56800,INLAND
-118.51,35.16,7,4371,727,1932,654,4.625,136800,INLAND
-118.66,35.2,7,9664,1692,3617,1370,4.0581,162900,INLAND
-118.34,35.27,10,2939,605,1167,446,2.3917,79000,INLAND
-118.48,35.14,4,8417,1657,4631,1468,3.6949,115800,INLAND
-118.61,35.08,6,3660,646,1243,482,3.4911,137200,INLAND
-118.61,34.99,11,4031,766,1539,564,3.8917,120800,INLAND
-118.46,35.13,19,3109,640,1457,620,2.6417,94900,INLAND
-118.46,35.12,16,4084,812,2033,668,3.2405,85500,INLAND
-118.43,35.12,8,1968,376,930,360,3.2632,99800,INLAND
-118.44,35.13,34,1170,290,602,266,1.7917,80000,INLAND
-118.44,35.13,21,1899,447,1133,391,1.8636,67900,INLAND
-118.91,35.3,28,1793,358,1233,351,2.7845,82200,INLAND
-118.95,35.26,24,1341,214,667,184,4,94500,INLAND
-118.83,35.27,33,1190,217,717,196,2.6302,81300,INLAND
-118.92,35.13,29,1297,262,909,253,1.9236,106300,INLAND
-118.85,35.23,26,1639,352,1222,395,1.7656,68000,INLAND
-118.82,35.23,31,2358,580,2302,574,1.9688,53900,INLAND
-118.83,35.2,17,1959,484,1763,453,2.1357,53500,INLAND
-118.82,35.2,34,2185,469,1910,455,2.1136,57300,INLAND
-118.85,35.2,17,2783,678,2566,641,1.9907,51200,INLAND
-118.91,35.27,29,1401,317,1344,306,2.0921,61400,INLAND
-118.9,35.26,31,6145,1492,5666,1457,1.9066,54600,INLAND
-118.92,35.26,20,3815,924,3450,920,2.0174,63700,INLAND
-118.91,35.24,29,2888,753,2949,699,1.7716,45500,INLAND
-119.69,36.41,38,1016,202,540,187,2.2885,75000,INLAND
-119.57,36.44,30,1860,337,1123,347,3.4926,94200,INLAND
-119.55,36.37,26,1912,339,1002,311,3.0375,126300,INLAND
-119.69,36.38,25,1688,302,879,277,3.3214,103100,INLAND
-119.78,36.37,41,831,149,443,146,3.1406,100000,INLAND
-119.83,36.37,25,1549,269,819,272,2.7159,101400,INLAND
-119.87,36.34,26,1414,265,779,249,2.9167,83900,INLAND
-119.93,36.32,25,8363,1636,7679,1580,2.0285,106300,INLAND
-119.79,36.32,19,3252,614,1971,607,3.0667,75800,INLAND
-119.77,36.32,14,3400,618,1867,612,3.9926,92500,INLAND
-119.78,36.31,14,1287,291,737,269,3.1667,126400,INLAND
-119.77,36.31,14,3677,863,2191,785,2.6218,69100,INLAND
-119.79,36.31,25,4984,1029,2414,961,2.2937,72300,INLAND
-119.77,36.3,24,2202,471,1052,439,2.1038,62000,INLAND
-119.78,36.3,30,1846,391,1255,352,2.1681,66600,INLAND
-119.79,36.3,16,1717,277,903,289,4.3438,93100,INLAND
-119.79,36.29,6,1265,227,764,246,4.2917,104200,INLAND
-119.82,36.32,18,942,193,424,174,2.0673,87500,INLAND
-119.78,36.33,16,1006,212,515,200,3.2386,112500,INLAND
-119.78,36.27,29,1871,315,1066,309,4.5714,100800,INLAND
-119.8,36.29,7,479,84,327,103,5.1728,107500,INLAND
-119.81,36.28,24,544,112,442,106,3.1071,56100,INLAND
-119.72,36.34,33,1287,214,580,210,3.2019,112500,INLAND
-119.72,36.32,40,1185,221,676,256,2.2721,52600,INLAND
-119.7,36.32,40,1178,244,586,187,2.6477,43500,INLAND
-119.73,36.31,20,2440,433,1579,400,2.8281,60200,INLAND
-119.7,36.3,10,956,201,693,220,2.2895,62000,INLAND
-119.67,36.35,10,1090,164,470,158,4.9432,118800,INLAND
-119.65,36.37,4,3725,783,1478,600,3.5486,148000,INLAND
-119.65,36.35,21,1745,266,837,292,4.3911,107900,INLAND
-119.65,36.35,38,3148,568,1378,537,2.8788,85500,INLAND
-119.66,36.35,15,1724,374,947,391,3.1094,91900,INLAND
-119.64,36.36,13,2360,340,1055,312,5.2134,97400,INLAND
-119.64,36.35,23,3182,563,1525,585,3.8108,90400,INLAND
-119.63,36.35,4,1684,343,920,324,4.2396,90600,INLAND
-119.62,36.35,10,3674,734,1864,718,2.6145,80300,INLAND
-119.64,36.35,30,1765,310,746,298,2.8125,70200,INLAND
-119.63,36.34,26,1463,261,699,219,3.5536,71400,INLAND
-119.63,36.33,14,2928,600,1633,559,1.8385,67500,INLAND
-119.61,36.33,32,1492,284,926,264,3.0139,61500,INLAND
-119.63,36.32,36,1518,287,749,255,2.2333,61000,INLAND
-119.66,36.34,32,1338,276,859,286,2.6397,59700,INLAND
-119.65,36.34,46,1730,337,752,323,1.8529,67200,INLAND
-119.65,36.34,47,1869,357,832,315,3.0846,76100,INLAND
-119.64,36.34,32,2958,670,1504,627,1.8606,56700,INLAND
-119.64,36.33,41,3095,766,1852,721,1.4524,51700,INLAND
-119.65,36.33,52,1257,257,624,243,2.3523,59100,INLAND
-119.65,36.33,47,1059,268,693,241,1.3882,53800,INLAND
-119.68,36.32,26,592,121,268,116,1.7596,120800,INLAND
-119.67,36.33,19,1241,244,850,237,2.9375,81700,INLAND
-119.66,36.33,16,2048,373,1052,388,4.0909,92800,INLAND
-119.66,36.33,10,1623,409,988,395,1.4194,58100,INLAND
-119.66,36.32,24,2652,568,1532,445,2.3256,56800,INLAND
-119.68,36.32,28,1325,276,873,240,2.5833,54400,INLAND
-119.68,36.31,12,2739,535,1859,498,2.9936,60600,INLAND
-119.66,36.3,18,1147,202,717,212,3.3681,70500,INLAND
-119.65,36.32,11,1294,314,713,290,1.5433,50400,INLAND
-119.64,36.32,32,2205,523,1772,479,1.3569,43100,INLAND
-119.65,36.3,28,941,175,588,180,2.3466,53400,INLAND
-119.64,36.31,27,1513,314,1071,284,1.5909,50100,INLAND
-119.61,36.31,25,1847,371,1460,353,1.8839,46300,INLAND
-119.57,36.27,20,2673,452,1394,449,2.625,97400,INLAND
-119.69,36.25,35,2011,349,970,300,2.395,94100,INLAND
-119.63,36.18,23,207,45,171,50,2.4286,100000,INLAND
-119.59,36.11,32,752,159,524,155,2.25,50000,INLAND
-119.57,36.09,6,2015,413,992,319,2.3889,53200,INLAND
-119.58,36.1,21,1382,327,1469,355,1.3967,46500,INLAND
-119.56,36.1,29,424,78,284,73,1.5313,43800,INLAND
-122.23,37.88,41,880,129,322,126,8.3252,452600,NEAR BAY
-122.22,37.86,21,7099,1106,2401,1138,8.3014,358500,NEAR BAY
-122.24,37.85,52,1467,190,496,177,7.2574,352100,NEAR BAY
-122.25,37.85,52,1274,235,558,219,5.6431,341300,NEAR BAY
-122.25,37.85,52,1627,280,565,259,3.8462,342200,NEAR BAY
-122.25,37.85,52,919,213,413,193,4.0368,269700,NEAR BAY
-122.25,37.84,52,2535,489,1094,514,3.6591,299200,NEAR BAY
-122.25,37.84,52,3104,687,1157,647,3.12,241400,NEAR BAY
-122.26,37.84,42,2555,665,1206,595,2.0804,226700,NEAR BAY
-122.25,37.84,52,3549,707,1551,714,3.6912,261100,NEAR BAY
-122.26,37.85,52,2202,434,910,402,3.2031,281500,NEAR BAY
-122.26,37.85,52,3503,752,1504,734,3.2705,241800,NEAR BAY
-122.26,37.85,52,2491,474,1098,468,3.075,213500,NEAR BAY
-122.26,37.84,52,696,191,345,174,2.6736,191300,NEAR BAY
-122.26,37.85,52,2643,626,1212,620,1.9167,159200,NEAR BAY
-122.26,37.85,50,1120,283,697,264,2.125,140000,NEAR BAY
-122.27,37.85,52,1966,347,793,331,2.775,152500,NEAR BAY
-122.27,37.85,52,1228,293,648,303,2.1202,155500,NEAR BAY
-122.26,37.84,50,2239,455,990,419,1.9911,158700,NEAR BAY
-122.27,37.84,52,1503,298,690,275,2.6033,162900,NEAR BAY
-122.27,37.85,40,751,184,409,166,1.3578,147500,NEAR BAY
-122.27,37.85,42,1639,367,929,366,1.7135,159800,NEAR BAY
-122.27,37.84,52,2436,541,1015,478,1.725,113900,NEAR BAY
-122.27,37.84,52,1688,337,853,325,2.1806,99700,NEAR BAY
-122.27,37.84,52,2224,437,1006,422,2.6,132600,NEAR BAY
-122.28,37.85,41,535,123,317,119,2.4038,107500,NEAR BAY
-122.28,37.85,49,1130,244,607,239,2.4597,93800,NEAR BAY
-122.28,37.85,52,1898,421,1102,397,1.808,105500,NEAR BAY
-122.28,37.84,50,2082,492,1131,473,1.6424,108900,NEAR BAY
-122.28,37.84,52,729,160,395,155,1.6875,132000,NEAR BAY
-122.28,37.84,49,1916,447,863,378,1.9274,122300,NEAR BAY
-122.28,37.84,52,2153,481,1168,441,1.9615,115200,NEAR BAY
-122.27,37.84,48,1922,409,1026,335,1.7969,110400,NEAR BAY
-122.27,37.83,49,1655,366,754,329,1.375,104900,NEAR BAY
-122.27,37.83,51,2665,574,1258,536,2.7303,109700,NEAR BAY
-122.27,37.83,49,1215,282,570,264,1.4861,97200,NEAR BAY
-122.27,37.83,48,1798,432,987,374,1.0972,104500,NEAR BAY
-122.28,37.83,52,1511,390,901,403,1.4103,103900,NEAR BAY
-122.26,37.83,52,1470,330,689,309,3.48,191400,NEAR BAY
-122.26,37.83,52,2432,715,1377,696,2.5898,176000,NEAR BAY
-122.26,37.83,52,1665,419,946,395,2.0978,155400,NEAR BAY
-122.26,37.83,51,936,311,517,249,1.2852,150000,NEAR BAY
-122.26,37.84,49,713,202,462,189,1.025,118800,NEAR BAY
-122.26,37.84,52,950,202,467,198,3.9643,188800,NEAR BAY
-122.26,37.83,52,1443,311,660,292,3.0125,184400,NEAR BAY
-122.26,37.83,52,1656,420,718,382,2.6768,182300,NEAR BAY
-122.26,37.83,50,1125,322,616,304,2.026,142500,NEAR BAY
-122.27,37.82,43,1007,312,558,253,1.7348,137500,NEAR BAY
-122.26,37.82,40,624,195,423,160,0.9506,187500,NEAR BAY
-122.27,37.82,40,946,375,700,352,1.775,112500,NEAR BAY
-122.27,37.82,21,896,453,735,438,0.9218,171900,NEAR BAY
-122.27,37.82,43,1868,456,1061,407,1.5045,93800,NEAR BAY
-122.27,37.82,41,3221,853,1959,720,1.1108,97500,NEAR BAY
-122.27,37.82,52,1630,456,1162,400,1.2475,104200,NEAR BAY
-122.28,37.82,52,1170,235,701,233,1.6098,87500,NEAR BAY
-122.28,37.82,52,945,243,576,220,1.4113,83100,NEAR BAY
-122.28,37.82,52,1238,288,622,259,1.5057,87500,NEAR BAY
-122.28,37.82,52,1489,335,728,244,0.8172,85300,NEAR BAY
-122.28,37.82,52,1387,341,1074,304,1.2171,80300,NEAR BAY
-122.29,37.82,2,158,43,94,57,2.5625,60000,NEAR BAY
-122.29,37.83,52,1121,211,554,187,3.3929,75700,NEAR BAY
-122.29,37.82,49,135,29,86,23,6.1183,75000,NEAR BAY
-122.29,37.81,50,760,190,377,122,0.9011,86100,NEAR BAY
-122.3,37.81,52,1224,237,521,159,1.191,76100,NEAR BAY
-122.3,37.81,48,828,182,392,133,2.5938,73500,NEAR BAY
-122.3,37.81,52,1010,209,604,187,1.1667,78400,NEAR BAY
-122.3,37.81,48,1455,354,788,332,0.8056,84400,NEAR BAY
-122.29,37.8,52,1027,244,492,147,2.6094,81300,NEAR BAY
-122.3,37.81,52,572,109,274,82,1.8516,85000,NEAR BAY
-122.29,37.81,46,2801,644,1823,611,0.9802,129200,NEAR BAY
-122.29,37.81,26,768,152,392,127,1.7719,82500,NEAR BAY
-122.29,37.81,46,935,297,582,277,0.7286,95200,NEAR BAY
-122.29,37.81,49,844,204,560,152,1.75,75000,NEAR BAY
-122.29,37.81,46,12,4,18,7,0.4999,67500,NEAR BAY
-122.29,37.81,20,835,161,290,133,2.483,137500,NEAR BAY
-122.28,37.81,17,1237,462,762,439,0.9241,177500,NEAR BAY
-118.32,33.35,27,1675,521,744,331,2.1579,450000,ISLAND
-118.33,33.34,52,2359,591,1100,431,2.8333,414700,ISLAND
-118.32,33.33,52,2127,512,733,288,3.3906,300000,ISLAND
-118.32,33.34,52,996,264,341,160,2.7361,450000,ISLAND
-118.48,33.43,29,716,214,422,173,2.6042,287500,ISLAND
-124.17,41.8,16,2739,480,1259,436,3.7557,109400,NEAR OCEAN
-124.3,41.8,19,2672,552,1298,478,1.9797,85800,NEAR OCEAN
-124.23,41.75,11,3159,616,1343,479,2.4805,73200,NEAR OCEAN
-124.21,41.77,17,3461,722,1947,647,2.5795,68400,NEAR OCEAN
-124.19,41.78,15,3140,714,1645,640,1.6654,74600,NEAR OCEAN
-124.22,41.73,28,3003,699,1530,653,1.7038,78300,NEAR OCEAN
-124.21,41.75,20,3810,787,1993,721,2.0074,66900,NEAR OCEAN
-124.17,41.76,20,2673,538,1282,514,2.4605,105900,NEAR OCEAN
-124.16,41.74,15,2715,569,1532,530,2.1829,69500,NEAR OCEAN
-124.14,41.95,21,2696,578,1208,494,2.275,122400,NEAR OCEAN
-124.16,41.92,19,1668,324,841,283,2.1336,75000,NEAR OCEAN
-124.3,41.84,17,2677,531,1244,456,3.0313,103600,NEAR OCEAN
-124.15,41.81,17,3276,628,3546,585,2.2868,103100,NEAR OCEAN
-123.92,41.54,22,2920,636,1382,499,2.0202,71100,NEAR OCEAN
-124.17,40.8,52,661,316,392,244,0.957,60000,NEAR OCEAN
-124.16,40.8,52,2416,618,1150,571,1.7308,80500,NEAR OCEAN
-124.16,40.79,52,1264,277,591,284,1.7778,76900,NEAR OCEAN
-124.17,40.8,52,1606,419,891,367,1.585,75500,NEAR OCEAN
-124.17,40.8,52,1557,344,758,319,1.8529,62500,NEAR OCEAN
-124.16,40.79,52,2148,421,975,430,2.2566,92700,NEAR OCEAN
-124.16,40.78,50,2285,403,837,353,2.5417,85400,NEAR OCEAN
-124.17,40.78,39,1606,330,731,327,1.6369,68300,NEAR OCEAN
-124.19,40.78,37,1371,319,640,260,1.8242,70000,NEAR OCEAN
-124.18,40.79,39,1836,352,883,337,1.745,70500,NEAR OCEAN
-124.18,40.79,40,1398,311,788,279,1.4668,64600,NEAR OCEAN
-124.17,40.79,43,2285,479,1169,482,1.9688,70500,NEAR OCEAN
